section;entity;subentity;key;value;unit;note
snapshot;game;;year;6159;;
snapshot;game;;month;1;;
snapshot;game;;sea_state;stille See;;
atheria;macro;;global_growth;0.8645;;
atheria;macro;;global_price_level;1.1840;;
atheria;macro;;resource_scarcity;0.6200;;
city;Luebeck;;treasury;39791;Mark;
city;Luebeck;;bankrupt;0;;
city;Luebeck;;building_count;26;count;
city_inventory;Luebeck;Salz;stock;157206;units;
city_inventory;Luebeck;Salz;scarcity_factor;0.7800;;
city_inventory;Luebeck;Salz;market_price;42;Mark;
city_inventory;Luebeck;Holz;stock;3;units;
city_inventory;Luebeck;Holz;scarcity_factor;1.4083;;
city_inventory;Luebeck;Holz;market_price;41;Mark;
city_inventory;Luebeck;Pelze;stock;142813;units;
city_inventory;Luebeck;Pelze;scarcity_factor;0.7800;;
city_inventory;Luebeck;Pelze;market_price;70;Mark;
city_inventory;Luebeck;Getreide;stock;5;units;
city_inventory;Luebeck;Getreide;scarcity_factor;1.3917;;
city_inventory;Luebeck;Getreide;market_price;52;Mark;
city_inventory;Luebeck;Tuch;stock;713780;units;
city_inventory;Luebeck;Tuch;scarcity_factor;0.7800;;
city_inventory;Luebeck;Tuch;market_price;44;Mark;
city_inventory;Luebeck;Hering;stock;185827;units;
city_inventory;Luebeck;Hering;scarcity_factor;0.7800;;
city_inventory;Luebeck;Hering;market_price;25;Mark;
city_inventory;Luebeck;Wein;stock;144088;units;
city_inventory;Luebeck;Wein;scarcity_factor;0.7800;;
city_inventory;Luebeck;Wein;market_price;75;Mark;
city_inventory;Luebeck;Bier;stock;158910;units;
city_inventory;Luebeck;Bier;scarcity_factor;0.7800;;
city_inventory;Luebeck;Bier;market_price;26;Mark;
city_inventory;Luebeck;Hopfen;stock;224255;units;
city_inventory;Luebeck;Hopfen;scarcity_factor;0.7800;;
city_inventory;Luebeck;Hopfen;market_price;40;Mark;
city_inventory;Luebeck;Teer;stock;219301;units;
city_inventory;Luebeck;Teer;scarcity_factor;0.7800;;
city_inventory;Luebeck;Teer;market_price;82;Mark;
city_inventory;Luebeck;Gewuerze;stock;167074;units;
city_inventory;Luebeck;Gewuerze;scarcity_factor;0.7800;;
city_inventory;Luebeck;Gewuerze;market_price;152;Mark;
city_inventory;Luebeck;Kupfer;stock;96112;units;
city_inventory;Luebeck;Kupfer;scarcity_factor;0.7800;;
city_inventory;Luebeck;Kupfer;market_price;76;Mark;
city_inventory;Luebeck;Luxuswaren;stock;765032;units;
city_inventory;Luebeck;Luxuswaren;scarcity_factor;0.7800;;
city_inventory;Luebeck;Luxuswaren;market_price;114;Mark;
city_inventory;Luebeck;Tabak;stock;350842;units;
city_inventory;Luebeck;Tabak;scarcity_factor;0.7800;;
city_inventory;Luebeck;Tabak;market_price;69;Mark;
city_inventory;Luebeck;Zucker;stock;180;units;
city_inventory;Luebeck;Zucker;scarcity_factor;1.0000;;
city_inventory;Luebeck;Zucker;market_price;187;Mark;
city_inventory;Luebeck;Kaffee;stock;197660;units;
city_inventory;Luebeck;Kaffee;scarcity_factor;0.7800;;
city_inventory;Luebeck;Kaffee;market_price;106;Mark;
city_inventory;Luebeck;Baumwolle;stock;0;units;
city_inventory;Luebeck;Baumwolle;scarcity_factor;1.4333;;
city_inventory;Luebeck;Baumwolle;market_price;152;Mark;
city_inventory;Luebeck;Kohle;stock;0;units;
city_inventory;Luebeck;Kohle;scarcity_factor;1.4333;;
city_inventory;Luebeck;Kohle;market_price;126;Mark;
city_inventory;Luebeck;Stahl;stock;2;units;
city_inventory;Luebeck;Stahl;scarcity_factor;1.4167;;
city_inventory;Luebeck;Stahl;market_price;221;Mark;
city_inventory;Luebeck;Elektronik;stock;99580;units;
city_inventory;Luebeck;Elektronik;scarcity_factor;0.7800;;
city_inventory;Luebeck;Elektronik;market_price;201;Mark;
city_inventory;Luebeck;Treibstoff;stock;214308;units;
city_inventory;Luebeck;Treibstoff;scarcity_factor;0.7800;;
city_inventory;Luebeck;Treibstoff;market_price;125;Mark;
city_inventory;Luebeck;Seltene Erden;stock;30312;units;
city_inventory;Luebeck;Seltene Erden;scarcity_factor;0.7800;;
city_inventory;Luebeck;Seltene Erden;market_price;213;Mark;
city_inventory;Luebeck;Mikrochips;stock;452439;units;
city_inventory;Luebeck;Mikrochips;scarcity_factor;0.7800;;
city_inventory;Luebeck;Mikrochips;market_price;209;Mark;
city_inventory;Luebeck;Biofasern C22;stock;230;units;
city_inventory;Luebeck;Biofasern C22;scarcity_factor;0.9800;;
city_inventory;Luebeck;Biofasern C22;market_price;238;Mark;
city_inventory;Luebeck;Nanobauteile C23;stock;199;units;
city_inventory;Luebeck;Nanobauteile C23;scarcity_factor;1.0000;;
city_inventory;Luebeck;Nanobauteile C23;market_price;346;Mark;
city_inventory;Luebeck;Photonik C24;stock;0;units;
city_inventory;Luebeck;Photonik C24;scarcity_factor;1.4333;;
city_inventory;Luebeck;Photonik C24;market_price;405;Mark;
city_inventory;Luebeck;Quantenkerne C25;stock;0;units;
city_inventory;Luebeck;Quantenkerne C25;scarcity_factor;1.4333;;
city_inventory;Luebeck;Quantenkerne C25;market_price;692;Mark;
city_inventory;Luebeck;Synthtreibstoff C26;stock;80;units;
city_inventory;Luebeck;Synthtreibstoff C26;scarcity_factor;1.1500;;
city_inventory;Luebeck;Synthtreibstoff C26;market_price;495;Mark;
city_inventory;Luebeck;Biofasern C27;stock;20;units;
city_inventory;Luebeck;Biofasern C27;scarcity_factor;1.2667;;
city_inventory;Luebeck;Biofasern C27;market_price;416;Mark;
city_inventory;Luebeck;Nanobauteile C28;stock;180;units;
city_inventory;Luebeck;Nanobauteile C28;scarcity_factor;1.0000;;
city_inventory;Luebeck;Nanobauteile C28;market_price;485;Mark;
city_inventory;Luebeck;Photonik C29;stock;78;units;
city_inventory;Luebeck;Photonik C29;scarcity_factor;1.1550;;
city_inventory;Luebeck;Photonik C29;market_price;684;Mark;
city_inventory;Luebeck;Quantenkerne C30;stock;160;units;
city_inventory;Luebeck;Quantenkerne C30;scarcity_factor;1.0000;;
city_inventory;Luebeck;Quantenkerne C30;market_price;457;Mark;
city_inventory;Luebeck;Synthtreibstoff C31;stock;160;units;
city_inventory;Luebeck;Synthtreibstoff C31;scarcity_factor;1.0000;;
city_inventory;Luebeck;Synthtreibstoff C31;market_price;548;Mark;
city_inventory;Luebeck;Biofasern C32;stock;0;units;
city_inventory;Luebeck;Biofasern C32;scarcity_factor;1.4333;;
city_inventory;Luebeck;Biofasern C32;market_price;446;Mark;
city_inventory;Luebeck;Nanobauteile C33;stock;27;units;
city_inventory;Luebeck;Nanobauteile C33;scarcity_factor;1.2083;;
city_inventory;Luebeck;Nanobauteile C33;market_price;623;Mark;
city_inventory;Luebeck;Photonik C34;stock;110;units;
city_inventory;Luebeck;Photonik C34;scarcity_factor;1.0750;;
city_inventory;Luebeck;Photonik C34;market_price;774;Mark;
city_inventory;Luebeck;Quantenkerne C35;stock;0;units;
city_inventory;Luebeck;Quantenkerne C35;scarcity_factor;1.4333;;
city_inventory;Luebeck;Quantenkerne C35;market_price;597;Mark;
city_inventory;Luebeck;Synthtreibstoff C36;stock;180;units;
city_inventory;Luebeck;Synthtreibstoff C36;scarcity_factor;1.0000;;
city_inventory;Luebeck;Synthtreibstoff C36;market_price;464;Mark;
city_inventory;Luebeck;Biofasern C37;stock;140;units;
city_inventory;Luebeck;Biofasern C37;scarcity_factor;1.0000;;
city_inventory;Luebeck;Biofasern C37;market_price;584;Mark;
city_inventory;Luebeck;Nanobauteile C38;stock;77;units;
city_inventory;Luebeck;Nanobauteile C38;scarcity_factor;1.1575;;
city_inventory;Luebeck;Nanobauteile C38;market_price;874;Mark;
city_inventory;Luebeck;Photonik C39;stock;60;units;
city_inventory;Luebeck;Photonik C39;scarcity_factor;1.2000;;
city_inventory;Luebeck;Photonik C39;market_price;657;Mark;
city_inventory;Luebeck;Quantenkerne C40;stock;0;units;
city_inventory;Luebeck;Quantenkerne C40;scarcity_factor;1.4333;;
city_inventory;Luebeck;Quantenkerne C40;market_price;827;Mark;
city_inventory;Luebeck;Synthtreibstoff C41;stock;80;units;
city_inventory;Luebeck;Synthtreibstoff C41;scarcity_factor;1.1500;;
city_inventory;Luebeck;Synthtreibstoff C41;market_price;695;Mark;
city_inventory;Luebeck;Biofasern C42;stock;0;units;
city_inventory;Luebeck;Biofasern C42;scarcity_factor;1.4333;;
city_inventory;Luebeck;Biofasern C42;market_price;619;Mark;
city_inventory;Luebeck;Nanobauteile C43;stock;120;units;
city_inventory;Luebeck;Nanobauteile C43;scarcity_factor;1.0000;;
city_inventory;Luebeck;Nanobauteile C43;market_price;1373;Mark;
city_inventory;Luebeck;Photonik C44;stock;220;units;
city_inventory;Luebeck;Photonik C44;scarcity_factor;1.0000;;
city_inventory;Luebeck;Photonik C44;market_price;813;Mark;
city_inventory;Luebeck;Quantenkerne C45;stock;20;units;
city_inventory;Luebeck;Quantenkerne C45;scarcity_factor;1.2667;;
city_inventory;Luebeck;Quantenkerne C45;market_price;712;Mark;
city_inventory;Luebeck;Synthtreibstoff C46;stock;0;units;
city_inventory;Luebeck;Synthtreibstoff C46;scarcity_factor;1.4333;;
city_inventory;Luebeck;Synthtreibstoff C46;market_price;728;Mark;
city_inventory;Luebeck;Biofasern C47;stock;50;units;
city_inventory;Luebeck;Biofasern C47;scarcity_factor;1.2250;;
city_inventory;Luebeck;Biofasern C47;market_price;831;Mark;
city_inventory;Luebeck;Nanobauteile C48;stock;0;units;
city_inventory;Luebeck;Nanobauteile C48;scarcity_factor;1.4333;;
city_inventory;Luebeck;Nanobauteile C48;market_price;2097;Mark;
city_inventory;Luebeck;Photonik C49;stock;20;units;
city_inventory;Luebeck;Photonik C49;scarcity_factor;1.2667;;
city_inventory;Luebeck;Photonik C49;market_price;698;Mark;
city_inventory;Luebeck;Quantenkerne C50;stock;0;units;
city_inventory;Luebeck;Quantenkerne C50;scarcity_factor;1.4333;;
city_inventory;Luebeck;Quantenkerne C50;market_price;1194;Mark;
city_inventory;Luebeck;Synthtreibstoff C51;stock;0;units;
city_inventory;Luebeck;Synthtreibstoff C51;scarcity_factor;1.4333;;
city_inventory;Luebeck;Synthtreibstoff C51;market_price;978;Mark;
city_inventory;Luebeck;Biofasern C52;stock;0;units;
city_inventory;Luebeck;Biofasern C52;scarcity_factor;1.4333;;
city_inventory;Luebeck;Biofasern C52;market_price;1299;Mark;
city_inventory;Luebeck;Nanobauteile C53;stock;180;units;
city_inventory;Luebeck;Nanobauteile C53;scarcity_factor;1.0000;;
city_inventory;Luebeck;Nanobauteile C53;market_price;1275;Mark;
city_inventory;Luebeck;Photonik C54;stock;0;units;
city_inventory;Luebeck;Photonik C54;scarcity_factor;1.4333;;
city_inventory;Luebeck;Photonik C54;market_price;961;Mark;
city_inventory;Luebeck;Quantenkerne C55;stock;0;units;
city_inventory;Luebeck;Quantenkerne C55;scarcity_factor;1.4333;;
city_inventory;Luebeck;Quantenkerne C55;market_price;1426;Mark;
city_inventory;Luebeck;Synthtreibstoff C56;stock;100;units;
city_inventory;Luebeck;Synthtreibstoff C56;scarcity_factor;1.1000;;
city_inventory;Luebeck;Synthtreibstoff C56;market_price;806;Mark;
city_inventory;Luebeck;Biofasern C57;stock;259;units;
city_inventory;Luebeck;Biofasern C57;scarcity_factor;0.9220;;
city_inventory;Luebeck;Biofasern C57;market_price;1446;Mark;
city_inventory;Luebeck;Nanobauteile C58;stock;20;units;
city_inventory;Luebeck;Nanobauteile C58;scarcity_factor;1.2667;;
city_inventory;Luebeck;Nanobauteile C58;market_price;2193;Mark;
city_inventory;Luebeck;Photonik C59;stock;0;units;
city_inventory;Luebeck;Photonik C59;scarcity_factor;1.4333;;
city_inventory;Luebeck;Photonik C59;market_price;2005;Mark;
city_inventory;Luebeck;Quantenkerne C60;stock;0;units;
city_inventory;Luebeck;Quantenkerne C60;scarcity_factor;1.4333;;
city_inventory;Luebeck;Quantenkerne C60;market_price;2598;Mark;
city_inventory;Luebeck;Synthtreibstoff C61;stock;0;units;
city_inventory;Luebeck;Synthtreibstoff C61;scarcity_factor;1.4333;;
city_inventory;Luebeck;Synthtreibstoff C61;market_price;2109;Mark;
city_inventory;Luebeck;Biofasern C62;stock;220;units;
city_inventory;Luebeck;Biofasern C62;scarcity_factor;1.0000;;
city_inventory;Luebeck;Biofasern C62;market_price;1551;Mark;
building;Luebeck;1;id;brewery;;
building;Luebeck;1;name;Brauerei;;
building;Luebeck;1;level;2;;
building;Luebeck;1;active;1;;
building;Luebeck;1;can_run_now;0;;
building;Luebeck;1;inputs;"{""Getreide"": 4, ""Holz"": 1}";;
building;Luebeck;1;outputs;"{""Bier"": 6}";;
building;Luebeck;2;id;fishery;;
building;Luebeck;2;name;Fischerei;;
building;Luebeck;2;level;1;;
building;Luebeck;2;active;1;;
building;Luebeck;2;can_run_now;1;;
building;Luebeck;2;inputs;{};;
building;Luebeck;2;outputs;"{""Hering"": 4}";;
building;Luebeck;3;id;grain_farm;;
building;Luebeck;3;name;Getreidehof;;
building;Luebeck;3;level;1;;
building;Luebeck;3;active;1;;
building;Luebeck;3;can_run_now;1;;
building;Luebeck;3;inputs;{};;
building;Luebeck;3;outputs;"{""Getreide"": 5}";;
building;Luebeck;4;id;salt_mine;;
building;Luebeck;4;name;Salzmine;;
building;Luebeck;4;level;1;;
building;Luebeck;4;active;1;;
building;Luebeck;4;can_run_now;1;;
building;Luebeck;4;inputs;{};;
building;Luebeck;4;outputs;"{""Salz"": 5}";;
building;Luebeck;5;id;tannery;;
building;Luebeck;5;name;Gerberei;;
building;Luebeck;5;level;1;;
building;Luebeck;5;active;1;;
building;Luebeck;5;can_run_now;1;;
building;Luebeck;5;inputs;"{""Salz"": 1}";;
building;Luebeck;5;outputs;"{""Pelze"": 2}";;
building;Luebeck;6;id;weavery;;
building;Luebeck;6;name;Weberei;;
building;Luebeck;6;level;2;;
building;Luebeck;6;active;1;;
building;Luebeck;6;can_run_now;0;;
building;Luebeck;6;inputs;"{""Holz"": 2}";;
building;Luebeck;6;outputs;"{""Tuch"": 3}";;
building;Luebeck;7;id;winery;;
building;Luebeck;7;name;Weinkellerei;;
building;Luebeck;7;level;1;;
building;Luebeck;7;active;1;;
building;Luebeck;7;can_run_now;1;;
building;Luebeck;7;inputs;"{""Getreide"": 3}";;
building;Luebeck;7;outputs;"{""Wein"": 3}";;
building;Luebeck;8;id;woodcutter;;
building;Luebeck;8;name;Holzfaeller;;
building;Luebeck;8;level;1;;
building;Luebeck;8;active;1;;
building;Luebeck;8;can_run_now;1;;
building;Luebeck;8;inputs;{};;
building;Luebeck;8;outputs;"{""Holz"": 6}";;
building;Luebeck;9;id;grand_brewery;;
building;Luebeck;9;name;Grossbrauerei;;
building;Luebeck;9;level;2;;
building;Luebeck;9;active;1;;
building;Luebeck;9;can_run_now;0;;
building;Luebeck;9;inputs;"{""Getreide"": 4, ""Hopfen"": 2, ""Holz"": 1}";;
building;Luebeck;9;outputs;"{""Bier"": 10}";;
building;Luebeck;10;id;hop_farm;;
building;Luebeck;10;name;Hopfenplantage;;
building;Luebeck;10;level;1;;
building;Luebeck;10;active;1;;
building;Luebeck;10;can_run_now;1;;
building;Luebeck;10;inputs;{};;
building;Luebeck;10;outputs;"{""Hopfen"": 5}";;
building;Luebeck;11;id;tar_kiln;;
building;Luebeck;11;name;Teerbrennerei;;
building;Luebeck;11;level;1;;
building;Luebeck;11;active;1;;
building;Luebeck;11;can_run_now;1;;
building;Luebeck;11;inputs;"{""Holz"": 3}";;
building;Luebeck;11;outputs;"{""Teer"": 4}";;
building;Luebeck;12;id;copper_mine;;
building;Luebeck;12;name;Kupfermine;;
building;Luebeck;12;level;1;;
building;Luebeck;12;active;1;;
building;Luebeck;12;can_run_now;1;;
building;Luebeck;12;inputs;{};;
building;Luebeck;12;outputs;"{""Kupfer"": 4}";;
building;Luebeck;13;id;spice_refinery;;
building;Luebeck;13;name;Gewuerzraffinerie;;
building;Luebeck;13;level;1;;
building;Luebeck;13;active;1;;
building;Luebeck;13;can_run_now;1;;
building;Luebeck;13;inputs;"{""Gewuerze"": 4}";;
building;Luebeck;13;outputs;"{""Luxuswaren"": 6}";;
building;Luebeck;14;id;spice_trade;;
building;Luebeck;14;name;Gewuerzhandel;;
building;Luebeck;14;level;2;;
building;Luebeck;14;active;1;;
building;Luebeck;14;can_run_now;1;;
building;Luebeck;14;inputs;{};;
building;Luebeck;14;outputs;"{""Gewuerze"": 4}";;
building;Luebeck;15;id;sugar_farm;;
building;Luebeck;15;name;Zuckerplantage;;
building;Luebeck;15;level;1;;
building;Luebeck;15;active;1;;
building;Luebeck;15;can_run_now;1;;
building;Luebeck;15;inputs;{};;
building;Luebeck;15;outputs;"{""Zucker"": 5}";;
building;Luebeck;16;id;sugar_refinery;;
building;Luebeck;16;name;Zuckerraffinerie;;
building;Luebeck;16;level;1;;
building;Luebeck;16;active;1;;
building;Luebeck;16;can_run_now;1;;
building;Luebeck;16;inputs;"{""Zucker"": 5}";;
building;Luebeck;16;outputs;"{""Luxuswaren"": 6}";;
building;Luebeck;17;id;tobacco_farm;;
building;Luebeck;17;name;Tabakplantage;;
building;Luebeck;17;level;1;;
building;Luebeck;17;active;1;;
building;Luebeck;17;can_run_now;1;;
building;Luebeck;17;inputs;{};;
building;Luebeck;17;outputs;"{""Tabak"": 5}";;
building;Luebeck;18;id;coffee_farm;;
building;Luebeck;18;name;Kaffeeplantage;;
building;Luebeck;18;level;1;;
building;Luebeck;18;active;1;;
building;Luebeck;18;can_run_now;1;;
building;Luebeck;18;inputs;{};;
building;Luebeck;18;outputs;"{""Kaffee"": 5}";;
building;Luebeck;19;id;cotton_farm;;
building;Luebeck;19;name;Baumwollfarm;;
building;Luebeck;19;level;1;;
building;Luebeck;19;active;1;;
building;Luebeck;19;can_run_now;1;;
building;Luebeck;19;inputs;{};;
building;Luebeck;19;outputs;"{""Baumwolle"": 5}";;
building;Luebeck;20;id;textile_factory;;
building;Luebeck;20;name;Textilmanufaktur;;
building;Luebeck;20;level;2;;
building;Luebeck;20;active;1;;
building;Luebeck;20;can_run_now;0;;
building;Luebeck;20;inputs;"{""Baumwolle"": 5}";;
building;Luebeck;20;outputs;"{""Tuch"": 7}";;
building;Luebeck;21;id;coal_mine;;
building;Luebeck;21;name;Kohlemine;;
building;Luebeck;21;level;1;;
building;Luebeck;21;active;1;;
building;Luebeck;21;can_run_now;1;;
building;Luebeck;21;inputs;{};;
building;Luebeck;21;outputs;"{""Kohle"": 6}";;
building;Luebeck;22;id;refinery;;
building;Luebeck;22;name;Raffinerie;;
building;Luebeck;22;level;1;;
building;Luebeck;22;active;1;;
building;Luebeck;22;can_run_now;0;;
building;Luebeck;22;inputs;"{""Kohle"": 5}";;
building;Luebeck;22;outputs;"{""Treibstoff"": 6}";;
building;Luebeck;23;id;steel_mill;;
building;Luebeck;23;name;Stahlwerk;;
building;Luebeck;23;level;1;;
building;Luebeck;23;active;1;;
building;Luebeck;23;can_run_now;0;;
building;Luebeck;23;inputs;"{""Kohle"": 4, ""Kupfer"": 2}";;
building;Luebeck;23;outputs;"{""Stahl"": 5}";;
building;Luebeck;24;id;electronics_factory;;
building;Luebeck;24;name;Elektronikfabrik;;
building;Luebeck;24;level;1;;
building;Luebeck;24;active;1;;
building;Luebeck;24;can_run_now;0;;
building;Luebeck;24;inputs;"{""Stahl"": 3, ""Kupfer"": 2}";;
building;Luebeck;24;outputs;"{""Elektronik"": 5}";;
building;Luebeck;25;id;chip_factory;;
building;Luebeck;25;name;Chipfabrik;;
building;Luebeck;25;level;1;;
building;Luebeck;25;active;1;;
building;Luebeck;25;can_run_now;1;;
building;Luebeck;25;inputs;"{""Seltene Erden"": 3}";;
building;Luebeck;25;outputs;"{""Mikrochips"": 5}";;
building;Luebeck;26;id;rare_earth_mine;;
building;Luebeck;26;name;Seltene Erden Mine;;
building;Luebeck;26;level;1;;
building;Luebeck;26;active;1;;
building;Luebeck;26;can_run_now;1;;
building;Luebeck;26;inputs;{};;
building;Luebeck;26;outputs;"{""Seltene Erden"": 4}";;
city;Bergen;;treasury;180359;Mark;
city;Bergen;;bankrupt;0;;
city;Bergen;;building_count;26;count;
city_inventory;Bergen;Salz;stock;184278;units;
city_inventory;Bergen;Salz;scarcity_factor;0.7800;;
city_inventory;Bergen;Salz;market_price;42;Mark;
city_inventory;Bergen;Holz;stock;200465;units;
city_inventory;Bergen;Holz;scarcity_factor;0.7800;;
city_inventory;Bergen;Holz;market_price;24;Mark;
city_inventory;Bergen;Pelze;stock;96514;units;
city_inventory;Bergen;Pelze;scarcity_factor;0.7800;;
city_inventory;Bergen;Pelze;market_price;49;Mark;
city_inventory;Bergen;Getreide;stock;2;units;
city_inventory;Bergen;Getreide;scarcity_factor;1.4167;;
city_inventory;Bergen;Getreide;market_price;56;Mark;
city_inventory;Bergen;Tuch;stock;551911;units;
city_inventory;Bergen;Tuch;scarcity_factor;0.7800;;
city_inventory;Bergen;Tuch;market_price;64;Mark;
city_inventory;Bergen;Hering;stock;395847;units;
city_inventory;Bergen;Hering;scarcity_factor;0.7800;;
city_inventory;Bergen;Hering;market_price;24;Mark;
city_inventory;Bergen;Wein;stock;235289;units;
city_inventory;Bergen;Wein;scarcity_factor;0.7800;;
city_inventory;Bergen;Wein;market_price;109;Mark;
city_inventory;Bergen;Bier;stock;184950;units;
city_inventory;Bergen;Bier;scarcity_factor;0.7800;;
city_inventory;Bergen;Bier;market_price;36;Mark;
city_inventory;Bergen;Hopfen;stock;515940;units;
city_inventory;Bergen;Hopfen;scarcity_factor;0.7800;;
city_inventory;Bergen;Hopfen;market_price;40;Mark;
city_inventory;Bergen;Teer;stock;449556;units;
city_inventory;Bergen;Teer;scarcity_factor;0.7800;;
city_inventory;Bergen;Teer;market_price;61;Mark;
city_inventory;Bergen;Gewuerze;stock;15669;units;
city_inventory;Bergen;Gewuerze;scarcity_factor;0.7800;;
city_inventory;Bergen;Gewuerze;market_price;132;Mark;
city_inventory;Bergen;Kupfer;stock;90076;units;
city_inventory;Bergen;Kupfer;scarcity_factor;0.7800;;
city_inventory;Bergen;Kupfer;market_price;129;Mark;
city_inventory;Bergen;Luxuswaren;stock;568594;units;
city_inventory;Bergen;Luxuswaren;scarcity_factor;0.7800;;
city_inventory;Bergen;Luxuswaren;market_price;159;Mark;
city_inventory;Bergen;Tabak;stock;333963;units;
city_inventory;Bergen;Tabak;scarcity_factor;0.7800;;
city_inventory;Bergen;Tabak;market_price;89;Mark;
city_inventory;Bergen;Zucker;stock;180;units;
city_inventory;Bergen;Zucker;scarcity_factor;1.0000;;
city_inventory;Bergen;Zucker;market_price;150;Mark;
city_inventory;Bergen;Kaffee;stock;225865;units;
city_inventory;Bergen;Kaffee;scarcity_factor;0.7800;;
city_inventory;Bergen;Kaffee;market_price;89;Mark;
city_inventory;Bergen;Baumwolle;stock;0;units;
city_inventory;Bergen;Baumwolle;scarcity_factor;1.4333;;
city_inventory;Bergen;Baumwolle;market_price;131;Mark;
city_inventory;Bergen;Kohle;stock;0;units;
city_inventory;Bergen;Kohle;scarcity_factor;1.4333;;
city_inventory;Bergen;Kohle;market_price;173;Mark;
city_inventory;Bergen;Stahl;stock;2;units;
city_inventory;Bergen;Stahl;scarcity_factor;1.4167;;
city_inventory;Bergen;Stahl;market_price;299;Mark;
city_inventory;Bergen;Elektronik;stock;178558;units;
city_inventory;Bergen;Elektronik;scarcity_factor;0.7800;;
city_inventory;Bergen;Elektronik;market_price;150;Mark;
city_inventory;Bergen;Treibstoff;stock;236226;units;
city_inventory;Bergen;Treibstoff;scarcity_factor;0.7800;;
city_inventory;Bergen;Treibstoff;market_price;185;Mark;
city_inventory;Bergen;Seltene Erden;stock;86452;units;
city_inventory;Bergen;Seltene Erden;scarcity_factor;0.7800;;
city_inventory;Bergen;Seltene Erden;market_price;191;Mark;
city_inventory;Bergen;Mikrochips;stock;137005;units;
city_inventory;Bergen;Mikrochips;scarcity_factor;0.7800;;
city_inventory;Bergen;Mikrochips;market_price;178;Mark;
city_inventory;Bergen;Biofasern C22;stock;0;units;
city_inventory;Bergen;Biofasern C22;scarcity_factor;1.4333;;
city_inventory;Bergen;Biofasern C22;market_price;289;Mark;
city_inventory;Bergen;Nanobauteile C23;stock;0;units;
city_inventory;Bergen;Nanobauteile C23;scarcity_factor;1.4333;;
city_inventory;Bergen;Nanobauteile C23;market_price;617;Mark;
city_inventory;Bergen;Photonik C24;stock;180;units;
city_inventory;Bergen;Photonik C24;scarcity_factor;1.0000;;
city_inventory;Bergen;Photonik C24;market_price;310;Mark;
city_inventory;Bergen;Quantenkerne C25;stock;100;units;
city_inventory;Bergen;Quantenkerne C25;scarcity_factor;1.1000;;
city_inventory;Bergen;Quantenkerne C25;market_price;562;Mark;
city_inventory;Bergen;Synthtreibstoff C26;stock;180;units;
city_inventory;Bergen;Synthtreibstoff C26;scarcity_factor;1.0000;;
city_inventory;Bergen;Synthtreibstoff C26;market_price;473;Mark;
city_inventory;Bergen;Biofasern C27;stock;20;units;
city_inventory;Bergen;Biofasern C27;scarcity_factor;1.2667;;
city_inventory;Bergen;Biofasern C27;market_price;517;Mark;
city_inventory;Bergen;Nanobauteile C28;stock;27;units;
city_inventory;Bergen;Nanobauteile C28;scarcity_factor;1.2083;;
city_inventory;Bergen;Nanobauteile C28;market_price;393;Mark;
city_inventory;Bergen;Photonik C29;stock;100;units;
city_inventory;Bergen;Photonik C29;scarcity_factor;1.1000;;
city_inventory;Bergen;Photonik C29;market_price;644;Mark;
city_inventory;Bergen;Quantenkerne C30;stock;0;units;
city_inventory;Bergen;Quantenkerne C30;scarcity_factor;1.4333;;
city_inventory;Bergen;Quantenkerne C30;market_price;663;Mark;
city_inventory;Bergen;Synthtreibstoff C31;stock;100;units;
city_inventory;Bergen;Synthtreibstoff C31;scarcity_factor;1.1000;;
city_inventory;Bergen;Synthtreibstoff C31;market_price;703;Mark;
city_inventory;Bergen;Biofasern C32;stock;220;units;
city_inventory;Bergen;Biofasern C32;scarcity_factor;1.0000;;
city_inventory;Bergen;Biofasern C32;market_price;361;Mark;
city_inventory;Bergen;Nanobauteile C33;stock;90;units;
city_inventory;Bergen;Nanobauteile C33;scarcity_factor;1.1250;;
city_inventory;Bergen;Nanobauteile C33;market_price;908;Mark;
city_inventory;Bergen;Photonik C34;stock;0;units;
city_inventory;Bergen;Photonik C34;scarcity_factor;1.4333;;
city_inventory;Bergen;Photonik C34;market_price;1004;Mark;
city_inventory;Bergen;Quantenkerne C35;stock;0;units;
city_inventory;Bergen;Quantenkerne C35;scarcity_factor;1.4333;;
city_inventory;Bergen;Quantenkerne C35;market_price;681;Mark;
city_inventory;Bergen;Synthtreibstoff C36;stock;100;units;
city_inventory;Bergen;Synthtreibstoff C36;scarcity_factor;1.1000;;
city_inventory;Bergen;Synthtreibstoff C36;market_price;661;Mark;
city_inventory;Bergen;Biofasern C37;stock;0;units;
city_inventory;Bergen;Biofasern C37;scarcity_factor;1.4333;;
city_inventory;Bergen;Biofasern C37;market_price;456;Mark;
city_inventory;Bergen;Nanobauteile C38;stock;0;units;
city_inventory;Bergen;Nanobauteile C38;scarcity_factor;1.4333;;
city_inventory;Bergen;Nanobauteile C38;market_price;994;Mark;
city_inventory;Bergen;Photonik C39;stock;20;units;
city_inventory;Bergen;Photonik C39;scarcity_factor;1.2667;;
city_inventory;Bergen;Photonik C39;market_price;888;Mark;
city_inventory;Bergen;Quantenkerne C40;stock;20;units;
city_inventory;Bergen;Quantenkerne C40;scarcity_factor;1.2667;;
city_inventory;Bergen;Quantenkerne C40;market_price;879;Mark;
city_inventory;Bergen;Synthtreibstoff C41;stock;160;units;
city_inventory;Bergen;Synthtreibstoff C41;scarcity_factor;1.0000;;
city_inventory;Bergen;Synthtreibstoff C41;market_price;945;Mark;
city_inventory;Bergen;Biofasern C42;stock;300;units;
city_inventory;Bergen;Biofasern C42;scarcity_factor;0.8756;;
city_inventory;Bergen;Biofasern C42;market_price;531;Mark;
city_inventory;Bergen;Nanobauteile C43;stock;280;units;
city_inventory;Bergen;Nanobauteile C43;scarcity_factor;0.8978;;
city_inventory;Bergen;Nanobauteile C43;market_price;845;Mark;
city_inventory;Bergen;Photonik C44;stock;60;units;
city_inventory;Bergen;Photonik C44;scarcity_factor;1.2000;;
city_inventory;Bergen;Photonik C44;market_price;827;Mark;
city_inventory;Bergen;Quantenkerne C45;stock;40;units;
city_inventory;Bergen;Quantenkerne C45;scarcity_factor;1.1000;;
city_inventory;Bergen;Quantenkerne C45;market_price;1013;Mark;
city_inventory;Bergen;Synthtreibstoff C46;stock;242;units;
city_inventory;Bergen;Synthtreibstoff C46;scarcity_factor;0.9560;;
city_inventory;Bergen;Synthtreibstoff C46;market_price;1096;Mark;
city_inventory;Bergen;Biofasern C47;stock;59;units;
city_inventory;Bergen;Biofasern C47;scarcity_factor;1.2025;;
city_inventory;Bergen;Biofasern C47;market_price;702;Mark;
city_inventory;Bergen;Nanobauteile C48;stock;0;units;
city_inventory;Bergen;Nanobauteile C48;scarcity_factor;1.4333;;
city_inventory;Bergen;Nanobauteile C48;market_price;1594;Mark;
city_inventory;Bergen;Photonik C49;stock;20;units;
city_inventory;Bergen;Photonik C49;scarcity_factor;1.2667;;
city_inventory;Bergen;Photonik C49;market_price;1249;Mark;
city_inventory;Bergen;Quantenkerne C50;stock;0;units;
city_inventory;Bergen;Quantenkerne C50;scarcity_factor;1.4333;;
city_inventory;Bergen;Quantenkerne C50;market_price;1232;Mark;
city_inventory;Bergen;Synthtreibstoff C51;stock;80;units;
city_inventory;Bergen;Synthtreibstoff C51;scarcity_factor;1.1500;;
city_inventory;Bergen;Synthtreibstoff C51;market_price;607;Mark;
city_inventory;Bergen;Biofasern C52;stock;0;units;
city_inventory;Bergen;Biofasern C52;scarcity_factor;1.4333;;
city_inventory;Bergen;Biofasern C52;market_price;564;Mark;
city_inventory;Bergen;Nanobauteile C53;stock;0;units;
city_inventory;Bergen;Nanobauteile C53;scarcity_factor;1.4333;;
city_inventory;Bergen;Nanobauteile C53;market_price;2216;Mark;
city_inventory;Bergen;Photonik C54;stock;0;units;
city_inventory;Bergen;Photonik C54;scarcity_factor;1.4333;;
city_inventory;Bergen;Photonik C54;market_price;1528;Mark;
city_inventory;Bergen;Quantenkerne C55;stock;0;units;
city_inventory;Bergen;Quantenkerne C55;scarcity_factor;1.4333;;
city_inventory;Bergen;Quantenkerne C55;market_price;2482;Mark;
city_inventory;Bergen;Synthtreibstoff C56;stock;202;units;
city_inventory;Bergen;Synthtreibstoff C56;scarcity_factor;1.0000;;
city_inventory;Bergen;Synthtreibstoff C56;market_price;873;Mark;
city_inventory;Bergen;Biofasern C57;stock;20;units;
city_inventory;Bergen;Biofasern C57;scarcity_factor;1.2667;;
city_inventory;Bergen;Biofasern C57;market_price;1157;Mark;
city_inventory;Bergen;Nanobauteile C58;stock;0;units;
city_inventory;Bergen;Nanobauteile C58;scarcity_factor;1.4333;;
city_inventory;Bergen;Nanobauteile C58;market_price;1805;Mark;
city_inventory;Bergen;Photonik C59;stock;260;units;
city_inventory;Bergen;Photonik C59;scarcity_factor;0.9200;;
city_inventory;Bergen;Photonik C59;market_price;754;Mark;
city_inventory;Bergen;Quantenkerne C60;stock;80;units;
city_inventory;Bergen;Quantenkerne C60;scarcity_factor;1.1500;;
city_inventory;Bergen;Quantenkerne C60;market_price;1125;Mark;
city_inventory;Bergen;Synthtreibstoff C61;stock;520;units;
city_inventory;Bergen;Synthtreibstoff C61;scarcity_factor;0.7800;;
city_inventory;Bergen;Synthtreibstoff C61;market_price;936;Mark;
city_inventory;Bergen;Biofasern C62;stock;243;units;
city_inventory;Bergen;Biofasern C62;scarcity_factor;0.9540;;
city_inventory;Bergen;Biofasern C62;market_price;692;Mark;
building;Bergen;1;id;brewery;;
building;Bergen;1;name;Brauerei;;
building;Bergen;1;level;1;;
building;Bergen;1;active;1;;
building;Bergen;1;can_run_now;0;;
building;Bergen;1;inputs;"{""Getreide"": 4, ""Holz"": 1}";;
building;Bergen;1;outputs;"{""Bier"": 6}";;
building;Bergen;2;id;fishery;;
building;Bergen;2;name;Fischerei;;
building;Bergen;2;level;2;;
building;Bergen;2;active;1;;
building;Bergen;2;can_run_now;1;;
building;Bergen;2;inputs;{};;
building;Bergen;2;outputs;"{""Hering"": 4}";;
building;Bergen;3;id;grain_farm;;
building;Bergen;3;name;Getreidehof;;
building;Bergen;3;level;1;;
building;Bergen;3;active;1;;
building;Bergen;3;can_run_now;1;;
building;Bergen;3;inputs;{};;
building;Bergen;3;outputs;"{""Getreide"": 5}";;
building;Bergen;4;id;salt_mine;;
building;Bergen;4;name;Salzmine;;
building;Bergen;4;level;1;;
building;Bergen;4;active;1;;
building;Bergen;4;can_run_now;1;;
building;Bergen;4;inputs;{};;
building;Bergen;4;outputs;"{""Salz"": 5}";;
building;Bergen;5;id;tannery;;
building;Bergen;5;name;Gerberei;;
building;Bergen;5;level;1;;
building;Bergen;5;active;1;;
building;Bergen;5;can_run_now;1;;
building;Bergen;5;inputs;"{""Salz"": 1}";;
building;Bergen;5;outputs;"{""Pelze"": 2}";;
building;Bergen;6;id;weavery;;
building;Bergen;6;name;Weberei;;
building;Bergen;6;level;1;;
building;Bergen;6;active;1;;
building;Bergen;6;can_run_now;1;;
building;Bergen;6;inputs;"{""Holz"": 2}";;
building;Bergen;6;outputs;"{""Tuch"": 3}";;
building;Bergen;7;id;winery;;
building;Bergen;7;name;Weinkellerei;;
building;Bergen;7;level;1;;
building;Bergen;7;active;1;;
building;Bergen;7;can_run_now;0;;
building;Bergen;7;inputs;"{""Getreide"": 3}";;
building;Bergen;7;outputs;"{""Wein"": 3}";;
building;Bergen;8;id;woodcutter;;
building;Bergen;8;name;Holzfaeller;;
building;Bergen;8;level;2;;
building;Bergen;8;active;1;;
building;Bergen;8;can_run_now;1;;
building;Bergen;8;inputs;{};;
building;Bergen;8;outputs;"{""Holz"": 6}";;
building;Bergen;9;id;grand_brewery;;
building;Bergen;9;name;Grossbrauerei;;
building;Bergen;9;level;1;;
building;Bergen;9;active;1;;
building;Bergen;9;can_run_now;0;;
building;Bergen;9;inputs;"{""Getreide"": 4, ""Hopfen"": 2, ""Holz"": 1}";;
building;Bergen;9;outputs;"{""Bier"": 10}";;
building;Bergen;10;id;hop_farm;;
building;Bergen;10;name;Hopfenplantage;;
building;Bergen;10;level;2;;
building;Bergen;10;active;1;;
building;Bergen;10;can_run_now;1;;
building;Bergen;10;inputs;{};;
building;Bergen;10;outputs;"{""Hopfen"": 5}";;
building;Bergen;11;id;tar_kiln;;
building;Bergen;11;name;Teerbrennerei;;
building;Bergen;11;level;2;;
building;Bergen;11;active;1;;
building;Bergen;11;can_run_now;1;;
building;Bergen;11;inputs;"{""Holz"": 3}";;
building;Bergen;11;outputs;"{""Teer"": 4}";;
building;Bergen;12;id;copper_mine;;
building;Bergen;12;name;Kupfermine;;
building;Bergen;12;level;1;;
building;Bergen;12;active;1;;
building;Bergen;12;can_run_now;1;;
building;Bergen;12;inputs;{};;
building;Bergen;12;outputs;"{""Kupfer"": 4}";;
building;Bergen;13;id;spice_refinery;;
building;Bergen;13;name;Gewuerzraffinerie;;
building;Bergen;13;level;1;;
building;Bergen;13;active;1;;
building;Bergen;13;can_run_now;1;;
building;Bergen;13;inputs;"{""Gewuerze"": 4}";;
building;Bergen;13;outputs;"{""Luxuswaren"": 6}";;
building;Bergen;14;id;spice_trade;;
building;Bergen;14;name;Gewuerzhandel;;
building;Bergen;14;level;1;;
building;Bergen;14;active;1;;
building;Bergen;14;can_run_now;1;;
building;Bergen;14;inputs;{};;
building;Bergen;14;outputs;"{""Gewuerze"": 4}";;
building;Bergen;15;id;sugar_farm;;
building;Bergen;15;name;Zuckerplantage;;
building;Bergen;15;level;1;;
building;Bergen;15;active;1;;
building;Bergen;15;can_run_now;1;;
building;Bergen;15;inputs;{};;
building;Bergen;15;outputs;"{""Zucker"": 5}";;
building;Bergen;16;id;sugar_refinery;;
building;Bergen;16;name;Zuckerraffinerie;;
building;Bergen;16;level;1;;
building;Bergen;16;active;1;;
building;Bergen;16;can_run_now;1;;
building;Bergen;16;inputs;"{""Zucker"": 5}";;
building;Bergen;16;outputs;"{""Luxuswaren"": 6}";;
building;Bergen;17;id;tobacco_farm;;
building;Bergen;17;name;Tabakplantage;;
building;Bergen;17;level;1;;
building;Bergen;17;active;1;;
building;Bergen;17;can_run_now;1;;
building;Bergen;17;inputs;{};;
building;Bergen;17;outputs;"{""Tabak"": 5}";;
building;Bergen;18;id;coffee_farm;;
building;Bergen;18;name;Kaffeeplantage;;
building;Bergen;18;level;1;;
building;Bergen;18;active;1;;
building;Bergen;18;can_run_now;1;;
building;Bergen;18;inputs;{};;
building;Bergen;18;outputs;"{""Kaffee"": 5}";;
building;Bergen;19;id;cotton_farm;;
building;Bergen;19;name;Baumwollfarm;;
building;Bergen;19;level;1;;
building;Bergen;19;active;1;;
building;Bergen;19;can_run_now;1;;
building;Bergen;19;inputs;{};;
building;Bergen;19;outputs;"{""Baumwolle"": 5}";;
building;Bergen;20;id;textile_factory;;
building;Bergen;20;name;Textilmanufaktur;;
building;Bergen;20;level;1;;
building;Bergen;20;active;1;;
building;Bergen;20;can_run_now;0;;
building;Bergen;20;inputs;"{""Baumwolle"": 5}";;
building;Bergen;20;outputs;"{""Tuch"": 7}";;
building;Bergen;21;id;coal_mine;;
building;Bergen;21;name;Kohlemine;;
building;Bergen;21;level;1;;
building;Bergen;21;active;1;;
building;Bergen;21;can_run_now;1;;
building;Bergen;21;inputs;{};;
building;Bergen;21;outputs;"{""Kohle"": 6}";;
building;Bergen;22;id;refinery;;
building;Bergen;22;name;Raffinerie;;
building;Bergen;22;level;1;;
building;Bergen;22;active;1;;
building;Bergen;22;can_run_now;0;;
building;Bergen;22;inputs;"{""Kohle"": 5}";;
building;Bergen;22;outputs;"{""Treibstoff"": 6}";;
building;Bergen;23;id;steel_mill;;
building;Bergen;23;name;Stahlwerk;;
building;Bergen;23;level;1;;
building;Bergen;23;active;1;;
building;Bergen;23;can_run_now;0;;
building;Bergen;23;inputs;"{""Kohle"": 4, ""Kupfer"": 2}";;
building;Bergen;23;outputs;"{""Stahl"": 5}";;
building;Bergen;24;id;electronics_factory;;
building;Bergen;24;name;Elektronikfabrik;;
building;Bergen;24;level;1;;
building;Bergen;24;active;1;;
building;Bergen;24;can_run_now;0;;
building;Bergen;24;inputs;"{""Stahl"": 3, ""Kupfer"": 2}";;
building;Bergen;24;outputs;"{""Elektronik"": 5}";;
building;Bergen;25;id;chip_factory;;
building;Bergen;25;name;Chipfabrik;;
building;Bergen;25;level;1;;
building;Bergen;25;active;1;;
building;Bergen;25;can_run_now;1;;
building;Bergen;25;inputs;"{""Seltene Erden"": 3}";;
building;Bergen;25;outputs;"{""Mikrochips"": 5}";;
building;Bergen;26;id;rare_earth_mine;;
building;Bergen;26;name;Seltene Erden Mine;;
building;Bergen;26;level;1;;
building;Bergen;26;active;1;;
building;Bergen;26;can_run_now;1;;
building;Bergen;26;inputs;{};;
building;Bergen;26;outputs;"{""Seltene Erden"": 4}";;
city;Toensberg;;treasury;233113;Mark;
city;Toensberg;;bankrupt;0;;
city;Toensberg;;building_count;26;count;
city_inventory;Toensberg;Salz;stock;170803;units;
city_inventory;Toensberg;Salz;scarcity_factor;0.7800;;
city_inventory;Toensberg;Salz;market_price;57;Mark;
city_inventory;Toensberg;Holz;stock;5;units;
city_inventory;Toensberg;Holz;scarcity_factor;1.3917;;
city_inventory;Toensberg;Holz;market_price;43;Mark;
city_inventory;Toensberg;Pelze;stock;101290;units;
city_inventory;Toensberg;Pelze;scarcity_factor;0.7800;;
city_inventory;Toensberg;Pelze;market_price;75;Mark;
city_inventory;Toensberg;Getreide;stock;0;units;
city_inventory;Toensberg;Getreide;scarcity_factor;1.4333;;
city_inventory;Toensberg;Getreide;market_price;56;Mark;
city_inventory;Toensberg;Tuch;stock;447560;units;
city_inventory;Toensberg;Tuch;scarcity_factor;0.7800;;
city_inventory;Toensberg;Tuch;market_price;48;Mark;
city_inventory;Toensberg;Hering;stock;397099;units;
city_inventory;Toensberg;Hering;scarcity_factor;0.7800;;
city_inventory;Toensberg;Hering;market_price;20;Mark;
city_inventory;Toensberg;Wein;stock;160108;units;
city_inventory;Toensberg;Wein;scarcity_factor;0.7800;;
city_inventory;Toensberg;Wein;market_price;111;Mark;
city_inventory;Toensberg;Bier;stock;181580;units;
city_inventory;Toensberg;Bier;scarcity_factor;0.7800;;
city_inventory;Toensberg;Bier;market_price;25;Mark;
city_inventory;Toensberg;Hopfen;stock;299295;units;
city_inventory;Toensberg;Hopfen;scarcity_factor;0.7800;;
city_inventory;Toensberg;Hopfen;market_price;55;Mark;
city_inventory;Toensberg;Teer;stock;380942;units;
city_inventory;Toensberg;Teer;scarcity_factor;0.7800;;
city_inventory;Toensberg;Teer;market_price;67;Mark;
city_inventory;Toensberg;Gewuerze;stock;4;units;
city_inventory;Toensberg;Gewuerze;scarcity_factor;1.4000;;
city_inventory;Toensberg;Gewuerze;market_price;209;Mark;
city_inventory;Toensberg;Kupfer;stock;117198;units;
city_inventory;Toensberg;Kupfer;scarcity_factor;0.7800;;
city_inventory;Toensberg;Kupfer;market_price;107;Mark;
city_inventory;Toensberg;Luxuswaren;stock;643120;units;
city_inventory;Toensberg;Luxuswaren;scarcity_factor;0.7800;;
city_inventory;Toensberg;Luxuswaren;market_price;173;Mark;
city_inventory;Toensberg;Tabak;stock;327445;units;
city_inventory;Toensberg;Tabak;scarcity_factor;0.7800;;
city_inventory;Toensberg;Tabak;market_price;105;Mark;
city_inventory;Toensberg;Zucker;stock;203255;units;
city_inventory;Toensberg;Zucker;scarcity_factor;0.7800;;
city_inventory;Toensberg;Zucker;market_price;160;Mark;
city_inventory;Toensberg;Kaffee;stock;225075;units;
city_inventory;Toensberg;Kaffee;scarcity_factor;0.7800;;
city_inventory;Toensberg;Kaffee;market_price;81;Mark;
city_inventory;Toensberg;Baumwolle;stock;235;units;
city_inventory;Toensberg;Baumwolle;scarcity_factor;0.9700;;
city_inventory;Toensberg;Baumwolle;market_price;146;Mark;
city_inventory;Toensberg;Kohle;stock;0;units;
city_inventory;Toensberg;Kohle;scarcity_factor;1.4333;;
city_inventory;Toensberg;Kohle;market_price;112;Mark;
city_inventory;Toensberg;Stahl;stock;2;units;
city_inventory;Toensberg;Stahl;scarcity_factor;1.4167;;
city_inventory;Toensberg;Stahl;market_price;191;Mark;
city_inventory;Toensberg;Elektronik;stock;94505;units;
city_inventory;Toensberg;Elektronik;scarcity_factor;0.7800;;
city_inventory;Toensberg;Elektronik;market_price;185;Mark;
city_inventory;Toensberg;Treibstoff;stock;411151;units;
city_inventory;Toensberg;Treibstoff;scarcity_factor;0.7800;;
city_inventory;Toensberg;Treibstoff;market_price;223;Mark;
city_inventory;Toensberg;Seltene Erden;stock;25325;units;
city_inventory;Toensberg;Seltene Erden;scarcity_factor;0.7800;;
city_inventory;Toensberg;Seltene Erden;market_price;148;Mark;
city_inventory;Toensberg;Mikrochips;stock;276174;units;
city_inventory;Toensberg;Mikrochips;scarcity_factor;0.7800;;
city_inventory;Toensberg;Mikrochips;market_price;193;Mark;
city_inventory;Toensberg;Biofasern C22;stock;30;units;
city_inventory;Toensberg;Biofasern C22;scarcity_factor;1.1833;;
city_inventory;Toensberg;Biofasern C22;market_price;252;Mark;
city_inventory;Toensberg;Nanobauteile C23;stock;169;units;
city_inventory;Toensberg;Nanobauteile C23;scarcity_factor;1.0000;;
city_inventory;Toensberg;Nanobauteile C23;market_price;398;Mark;
city_inventory;Toensberg;Photonik C24;stock;160;units;
city_inventory;Toensberg;Photonik C24;scarcity_factor;1.0000;;
city_inventory;Toensberg;Photonik C24;market_price;417;Mark;
city_inventory;Toensberg;Quantenkerne C25;stock;0;units;
city_inventory;Toensberg;Quantenkerne C25;scarcity_factor;1.4333;;
city_inventory;Toensberg;Quantenkerne C25;market_price;382;Mark;
city_inventory;Toensberg;Synthtreibstoff C26;stock;170;units;
city_inventory;Toensberg;Synthtreibstoff C26;scarcity_factor;1.0000;;
city_inventory;Toensberg;Synthtreibstoff C26;market_price;509;Mark;
city_inventory;Toensberg;Biofasern C27;stock;111;units;
city_inventory;Toensberg;Biofasern C27;scarcity_factor;1.0725;;
city_inventory;Toensberg;Biofasern C27;market_price;503;Mark;
city_inventory;Toensberg;Nanobauteile C28;stock;0;units;
city_inventory;Toensberg;Nanobauteile C28;scarcity_factor;1.4333;;
city_inventory;Toensberg;Nanobauteile C28;market_price;593;Mark;
city_inventory;Toensberg;Photonik C29;stock;80;units;
city_inventory;Toensberg;Photonik C29;scarcity_factor;1.1500;;
city_inventory;Toensberg;Photonik C29;market_price;541;Mark;
city_inventory;Toensberg;Quantenkerne C30;stock;0;units;
city_inventory;Toensberg;Quantenkerne C30;scarcity_factor;1.4333;;
city_inventory;Toensberg;Quantenkerne C30;market_price;928;Mark;
city_inventory;Toensberg;Synthtreibstoff C31;stock;80;units;
city_inventory;Toensberg;Synthtreibstoff C31;scarcity_factor;1.1500;;
city_inventory;Toensberg;Synthtreibstoff C31;market_price;798;Mark;
city_inventory;Toensberg;Biofasern C32;stock;0;units;
city_inventory;Toensberg;Biofasern C32;scarcity_factor;1.4333;;
city_inventory;Toensberg;Biofasern C32;market_price;555;Mark;
city_inventory;Toensberg;Nanobauteile C33;stock;180;units;
city_inventory;Toensberg;Nanobauteile C33;scarcity_factor;1.0000;;
city_inventory;Toensberg;Nanobauteile C33;market_price;552;Mark;
city_inventory;Toensberg;Photonik C34;stock;163;units;
city_inventory;Toensberg;Photonik C34;scarcity_factor;1.0000;;
city_inventory;Toensberg;Photonik C34;market_price;697;Mark;
city_inventory;Toensberg;Quantenkerne C35;stock;60;units;
city_inventory;Toensberg;Quantenkerne C35;scarcity_factor;1.2000;;
city_inventory;Toensberg;Quantenkerne C35;market_price;1058;Mark;
city_inventory;Toensberg;Synthtreibstoff C36;stock;0;units;
city_inventory;Toensberg;Synthtreibstoff C36;scarcity_factor;1.4333;;
city_inventory;Toensberg;Synthtreibstoff C36;market_price;1179;Mark;
city_inventory;Toensberg;Biofasern C37;stock;0;units;
city_inventory;Toensberg;Biofasern C37;scarcity_factor;1.4333;;
city_inventory;Toensberg;Biofasern C37;market_price;770;Mark;
city_inventory;Toensberg;Nanobauteile C38;stock;140;units;
city_inventory;Toensberg;Nanobauteile C38;scarcity_factor;1.0000;;
city_inventory;Toensberg;Nanobauteile C38;market_price;670;Mark;
city_inventory;Toensberg;Photonik C39;stock;180;units;
city_inventory;Toensberg;Photonik C39;scarcity_factor;1.0000;;
city_inventory;Toensberg;Photonik C39;market_price;1021;Mark;
city_inventory;Toensberg;Quantenkerne C40;stock;0;units;
city_inventory;Toensberg;Quantenkerne C40;scarcity_factor;1.4333;;
city_inventory;Toensberg;Quantenkerne C40;market_price;761;Mark;
city_inventory;Toensberg;Synthtreibstoff C41;stock;20;units;
city_inventory;Toensberg;Synthtreibstoff C41;scarcity_factor;1.2667;;
city_inventory;Toensberg;Synthtreibstoff C41;market_price;688;Mark;
city_inventory;Toensberg;Biofasern C42;stock;0;units;
city_inventory;Toensberg;Biofasern C42;scarcity_factor;1.4333;;
city_inventory;Toensberg;Biofasern C42;market_price;1247;Mark;
city_inventory;Toensberg;Nanobauteile C43;stock;0;units;
city_inventory;Toensberg;Nanobauteile C43;scarcity_factor;1.4333;;
city_inventory;Toensberg;Nanobauteile C43;market_price;1177;Mark;
city_inventory;Toensberg;Photonik C44;stock;80;units;
city_inventory;Toensberg;Photonik C44;scarcity_factor;1.1500;;
city_inventory;Toensberg;Photonik C44;market_price;873;Mark;
city_inventory;Toensberg;Quantenkerne C45;stock;0;units;
city_inventory;Toensberg;Quantenkerne C45;scarcity_factor;1.4333;;
city_inventory;Toensberg;Quantenkerne C45;market_price;628;Mark;
city_inventory;Toensberg;Synthtreibstoff C46;stock;80;units;
city_inventory;Toensberg;Synthtreibstoff C46;scarcity_factor;1.1500;;
city_inventory;Toensberg;Synthtreibstoff C46;market_price;629;Mark;
city_inventory;Toensberg;Biofasern C47;stock;202;units;
city_inventory;Toensberg;Biofasern C47;scarcity_factor;1.0000;;
city_inventory;Toensberg;Biofasern C47;market_price;697;Mark;
city_inventory;Toensberg;Nanobauteile C48;stock;276;units;
city_inventory;Toensberg;Nanobauteile C48;scarcity_factor;0.9022;;
city_inventory;Toensberg;Nanobauteile C48;market_price;1423;Mark;
city_inventory;Toensberg;Photonik C49;stock;130;units;
city_inventory;Toensberg;Photonik C49;scarcity_factor;1.0000;;
city_inventory;Toensberg;Photonik C49;market_price;1106;Mark;
city_inventory;Toensberg;Quantenkerne C50;stock;171;units;
city_inventory;Toensberg;Quantenkerne C50;scarcity_factor;1.0000;;
city_inventory;Toensberg;Quantenkerne C50;market_price;653;Mark;
city_inventory;Toensberg;Synthtreibstoff C51;stock;20;units;
city_inventory;Toensberg;Synthtreibstoff C51;scarcity_factor;1.2667;;
city_inventory;Toensberg;Synthtreibstoff C51;market_price;979;Mark;
city_inventory;Toensberg;Biofasern C52;stock;100;units;
city_inventory;Toensberg;Biofasern C52;scarcity_factor;1.1000;;
city_inventory;Toensberg;Biofasern C52;market_price;864;Mark;
city_inventory;Toensberg;Nanobauteile C53;stock;0;units;
city_inventory;Toensberg;Nanobauteile C53;scarcity_factor;1.4333;;
city_inventory;Toensberg;Nanobauteile C53;market_price;1098;Mark;
city_inventory;Toensberg;Photonik C54;stock;0;units;
city_inventory;Toensberg;Photonik C54;scarcity_factor;1.4333;;
city_inventory;Toensberg;Photonik C54;market_price;988;Mark;
city_inventory;Toensberg;Quantenkerne C55;stock;0;units;
city_inventory;Toensberg;Quantenkerne C55;scarcity_factor;1.4333;;
city_inventory;Toensberg;Quantenkerne C55;market_price;1145;Mark;
city_inventory;Toensberg;Synthtreibstoff C56;stock;0;units;
city_inventory;Toensberg;Synthtreibstoff C56;scarcity_factor;1.4333;;
city_inventory;Toensberg;Synthtreibstoff C56;market_price;972;Mark;
city_inventory;Toensberg;Biofasern C57;stock;80;units;
city_inventory;Toensberg;Biofasern C57;scarcity_factor;1.1500;;
city_inventory;Toensberg;Biofasern C57;market_price;736;Mark;
city_inventory;Toensberg;Nanobauteile C58;stock;20;units;
city_inventory;Toensberg;Nanobauteile C58;scarcity_factor;1.2667;;
city_inventory;Toensberg;Nanobauteile C58;market_price;2347;Mark;
city_inventory;Toensberg;Photonik C59;stock;140;units;
city_inventory;Toensberg;Photonik C59;scarcity_factor;1.0000;;
city_inventory;Toensberg;Photonik C59;market_price;907;Mark;
city_inventory;Toensberg;Quantenkerne C60;stock;100;units;
city_inventory;Toensberg;Quantenkerne C60;scarcity_factor;1.1000;;
city_inventory;Toensberg;Quantenkerne C60;market_price;1246;Mark;
city_inventory;Toensberg;Synthtreibstoff C61;stock;80;units;
city_inventory;Toensberg;Synthtreibstoff C61;scarcity_factor;1.1500;;
city_inventory;Toensberg;Synthtreibstoff C61;market_price;630;Mark;
city_inventory;Toensberg;Biofasern C62;stock;100;units;
city_inventory;Toensberg;Biofasern C62;scarcity_factor;1.1000;;
city_inventory;Toensberg;Biofasern C62;market_price;873;Mark;
building;Toensberg;1;id;brewery;;
building;Toensberg;1;name;Brauerei;;
building;Toensberg;1;level;1;;
building;Toensberg;1;active;1;;
building;Toensberg;1;can_run_now;0;;
building;Toensberg;1;inputs;"{""Getreide"": 4, ""Holz"": 1}";;
building;Toensberg;1;outputs;"{""Bier"": 6}";;
building;Toensberg;2;id;fishery;;
building;Toensberg;2;name;Fischerei;;
building;Toensberg;2;level;2;;
building;Toensberg;2;active;1;;
building;Toensberg;2;can_run_now;1;;
building;Toensberg;2;inputs;{};;
building;Toensberg;2;outputs;"{""Hering"": 4}";;
building;Toensberg;3;id;grain_farm;;
building;Toensberg;3;name;Getreidehof;;
building;Toensberg;3;level;1;;
building;Toensberg;3;active;1;;
building;Toensberg;3;can_run_now;1;;
building;Toensberg;3;inputs;{};;
building;Toensberg;3;outputs;"{""Getreide"": 5}";;
building;Toensberg;4;id;salt_mine;;
building;Toensberg;4;name;Salzmine;;
building;Toensberg;4;level;1;;
building;Toensberg;4;active;1;;
building;Toensberg;4;can_run_now;1;;
building;Toensberg;4;inputs;{};;
building;Toensberg;4;outputs;"{""Salz"": 5}";;
building;Toensberg;5;id;tannery;;
building;Toensberg;5;name;Gerberei;;
building;Toensberg;5;level;1;;
building;Toensberg;5;active;1;;
building;Toensberg;5;can_run_now;1;;
building;Toensberg;5;inputs;"{""Salz"": 1}";;
building;Toensberg;5;outputs;"{""Pelze"": 2}";;
building;Toensberg;6;id;weavery;;
building;Toensberg;6;name;Weberei;;
building;Toensberg;6;level;1;;
building;Toensberg;6;active;1;;
building;Toensberg;6;can_run_now;1;;
building;Toensberg;6;inputs;"{""Holz"": 2}";;
building;Toensberg;6;outputs;"{""Tuch"": 3}";;
building;Toensberg;7;id;winery;;
building;Toensberg;7;name;Weinkellerei;;
building;Toensberg;7;level;1;;
building;Toensberg;7;active;1;;
building;Toensberg;7;can_run_now;0;;
building;Toensberg;7;inputs;"{""Getreide"": 3}";;
building;Toensberg;7;outputs;"{""Wein"": 3}";;
building;Toensberg;8;id;woodcutter;;
building;Toensberg;8;name;Holzfaeller;;
building;Toensberg;8;level;1;;
building;Toensberg;8;active;1;;
building;Toensberg;8;can_run_now;1;;
building;Toensberg;8;inputs;{};;
building;Toensberg;8;outputs;"{""Holz"": 6}";;
building;Toensberg;9;id;grand_brewery;;
building;Toensberg;9;name;Grossbrauerei;;
building;Toensberg;9;level;1;;
building;Toensberg;9;active;1;;
building;Toensberg;9;can_run_now;0;;
building;Toensberg;9;inputs;"{""Getreide"": 4, ""Hopfen"": 2, ""Holz"": 1}";;
building;Toensberg;9;outputs;"{""Bier"": 10}";;
building;Toensberg;10;id;hop_farm;;
building;Toensberg;10;name;Hopfenplantage;;
building;Toensberg;10;level;1;;
building;Toensberg;10;active;1;;
building;Toensberg;10;can_run_now;1;;
building;Toensberg;10;inputs;{};;
building;Toensberg;10;outputs;"{""Hopfen"": 5}";;
building;Toensberg;11;id;tar_kiln;;
building;Toensberg;11;name;Teerbrennerei;;
building;Toensberg;11;level;2;;
building;Toensberg;11;active;1;;
building;Toensberg;11;can_run_now;0;;
building;Toensberg;11;inputs;"{""Holz"": 3}";;
building;Toensberg;11;outputs;"{""Teer"": 4}";;
building;Toensberg;12;id;copper_mine;;
building;Toensberg;12;name;Kupfermine;;
building;Toensberg;12;level;1;;
building;Toensberg;12;active;1;;
building;Toensberg;12;can_run_now;1;;
building;Toensberg;12;inputs;{};;
building;Toensberg;12;outputs;"{""Kupfer"": 4}";;
building;Toensberg;13;id;spice_refinery;;
building;Toensberg;13;name;Gewuerzraffinerie;;
building;Toensberg;13;level;1;;
building;Toensberg;13;active;1;;
building;Toensberg;13;can_run_now;1;;
building;Toensberg;13;inputs;"{""Gewuerze"": 4}";;
building;Toensberg;13;outputs;"{""Luxuswaren"": 6}";;
building;Toensberg;14;id;spice_trade;;
building;Toensberg;14;name;Gewuerzhandel;;
building;Toensberg;14;level;1;;
building;Toensberg;14;active;1;;
building;Toensberg;14;can_run_now;1;;
building;Toensberg;14;inputs;{};;
building;Toensberg;14;outputs;"{""Gewuerze"": 4}";;
building;Toensberg;15;id;sugar_farm;;
building;Toensberg;15;name;Zuckerplantage;;
building;Toensberg;15;level;2;;
building;Toensberg;15;active;1;;
building;Toensberg;15;can_run_now;1;;
building;Toensberg;15;inputs;{};;
building;Toensberg;15;outputs;"{""Zucker"": 5}";;
building;Toensberg;16;id;sugar_refinery;;
building;Toensberg;16;name;Zuckerraffinerie;;
building;Toensberg;16;level;1;;
building;Toensberg;16;active;1;;
building;Toensberg;16;can_run_now;1;;
building;Toensberg;16;inputs;"{""Zucker"": 5}";;
building;Toensberg;16;outputs;"{""Luxuswaren"": 6}";;
building;Toensberg;17;id;tobacco_farm;;
building;Toensberg;17;name;Tabakplantage;;
building;Toensberg;17;level;1;;
building;Toensberg;17;active;1;;
building;Toensberg;17;can_run_now;1;;
building;Toensberg;17;inputs;{};;
building;Toensberg;17;outputs;"{""Tabak"": 5}";;
building;Toensberg;18;id;coffee_farm;;
building;Toensberg;18;name;Kaffeeplantage;;
building;Toensberg;18;level;1;;
building;Toensberg;18;active;1;;
building;Toensberg;18;can_run_now;1;;
building;Toensberg;18;inputs;{};;
building;Toensberg;18;outputs;"{""Kaffee"": 5}";;
building;Toensberg;19;id;cotton_farm;;
building;Toensberg;19;name;Baumwollfarm;;
building;Toensberg;19;level;1;;
building;Toensberg;19;active;1;;
building;Toensberg;19;can_run_now;1;;
building;Toensberg;19;inputs;{};;
building;Toensberg;19;outputs;"{""Baumwolle"": 5}";;
building;Toensberg;20;id;textile_factory;;
building;Toensberg;20;name;Textilmanufaktur;;
building;Toensberg;20;level;1;;
building;Toensberg;20;active;1;;
building;Toensberg;20;can_run_now;1;;
building;Toensberg;20;inputs;"{""Baumwolle"": 5}";;
building;Toensberg;20;outputs;"{""Tuch"": 7}";;
building;Toensberg;21;id;coal_mine;;
building;Toensberg;21;name;Kohlemine;;
building;Toensberg;21;level;1;;
building;Toensberg;21;active;1;;
building;Toensberg;21;can_run_now;1;;
building;Toensberg;21;inputs;{};;
building;Toensberg;21;outputs;"{""Kohle"": 6}";;
building;Toensberg;22;id;refinery;;
building;Toensberg;22;name;Raffinerie;;
building;Toensberg;22;level;1;;
building;Toensberg;22;active;1;;
building;Toensberg;22;can_run_now;0;;
building;Toensberg;22;inputs;"{""Kohle"": 5}";;
building;Toensberg;22;outputs;"{""Treibstoff"": 6}";;
building;Toensberg;23;id;steel_mill;;
building;Toensberg;23;name;Stahlwerk;;
building;Toensberg;23;level;1;;
building;Toensberg;23;active;1;;
building;Toensberg;23;can_run_now;0;;
building;Toensberg;23;inputs;"{""Kohle"": 4, ""Kupfer"": 2}";;
building;Toensberg;23;outputs;"{""Stahl"": 5}";;
building;Toensberg;24;id;electronics_factory;;
building;Toensberg;24;name;Elektronikfabrik;;
building;Toensberg;24;level;1;;
building;Toensberg;24;active;1;;
building;Toensberg;24;can_run_now;0;;
building;Toensberg;24;inputs;"{""Stahl"": 3, ""Kupfer"": 2}";;
building;Toensberg;24;outputs;"{""Elektronik"": 5}";;
building;Toensberg;25;id;chip_factory;;
building;Toensberg;25;name;Chipfabrik;;
building;Toensberg;25;level;1;;
building;Toensberg;25;active;1;;
building;Toensberg;25;can_run_now;1;;
building;Toensberg;25;inputs;"{""Seltene Erden"": 3}";;
building;Toensberg;25;outputs;"{""Mikrochips"": 5}";;
building;Toensberg;26;id;rare_earth_mine;;
building;Toensberg;26;name;Seltene Erden Mine;;
building;Toensberg;26;level;1;;
building;Toensberg;26;active;1;;
building;Toensberg;26;can_run_now;1;;
building;Toensberg;26;inputs;{};;
building;Toensberg;26;outputs;"{""Seltene Erden"": 4}";;
city;Warberg;;treasury;-599;Mark;
city;Warberg;;bankrupt;1;;
city;Warberg;;building_count;26;count;
city_inventory;Warberg;Salz;stock;170932;units;
city_inventory;Warberg;Salz;scarcity_factor;0.7800;;
city_inventory;Warberg;Salz;market_price;46;Mark;
city_inventory;Warberg;Holz;stock;2;units;
city_inventory;Warberg;Holz;scarcity_factor;1.4167;;
city_inventory;Warberg;Holz;market_price;48;Mark;
city_inventory;Warberg;Pelze;stock;102393;units;
city_inventory;Warberg;Pelze;scarcity_factor;0.7800;;
city_inventory;Warberg;Pelze;market_price;59;Mark;
city_inventory;Warberg;Getreide;stock;3;units;
city_inventory;Warberg;Getreide;scarcity_factor;1.4083;;
city_inventory;Warberg;Getreide;market_price;55;Mark;
city_inventory;Warberg;Tuch;stock;509526;units;
city_inventory;Warberg;Tuch;scarcity_factor;0.7800;;
city_inventory;Warberg;Tuch;market_price;72;Mark;
city_inventory;Warberg;Hering;stock;174192;units;
city_inventory;Warberg;Hering;scarcity_factor;0.7800;;
city_inventory;Warberg;Hering;market_price;28;Mark;
city_inventory;Warberg;Wein;stock;143908;units;
city_inventory;Warberg;Wein;scarcity_factor;0.7800;;
city_inventory;Warberg;Wein;market_price;71;Mark;
city_inventory;Warberg;Bier;stock;756100;units;
city_inventory;Warberg;Bier;scarcity_factor;0.7800;;
city_inventory;Warberg;Bier;market_price;52;Mark;
city_inventory;Warberg;Hopfen;stock;198003;units;
city_inventory;Warberg;Hopfen;scarcity_factor;0.7800;;
city_inventory;Warberg;Hopfen;market_price;73;Mark;
city_inventory;Warberg;Teer;stock;210066;units;
city_inventory;Warberg;Teer;scarcity_factor;0.7800;;
city_inventory;Warberg;Teer;market_price;55;Mark;
city_inventory;Warberg;Gewuerze;stock;7;units;
city_inventory;Warberg;Gewuerze;scarcity_factor;1.3750;;
city_inventory;Warberg;Gewuerze;market_price;259;Mark;
city_inventory;Warberg;Kupfer;stock;35314;units;
city_inventory;Warberg;Kupfer;scarcity_factor;0.7800;;
city_inventory;Warberg;Kupfer;market_price;133;Mark;
city_inventory;Warberg;Luxuswaren;stock;683320;units;
city_inventory;Warberg;Luxuswaren;scarcity_factor;0.7800;;
city_inventory;Warberg;Luxuswaren;market_price;166;Mark;
city_inventory;Warberg;Tabak;stock;266935;units;
city_inventory;Warberg;Tabak;scarcity_factor;0.7800;;
city_inventory;Warberg;Tabak;market_price;69;Mark;
city_inventory;Warberg;Zucker;stock;945;units;
city_inventory;Warberg;Zucker;scarcity_factor;0.7800;;
city_inventory;Warberg;Zucker;market_price;99;Mark;
city_inventory;Warberg;Kaffee;stock;307298;units;
city_inventory;Warberg;Kaffee;scarcity_factor;0.7800;;
city_inventory;Warberg;Kaffee;market_price;168;Mark;
city_inventory;Warberg;Baumwolle;stock;193970;units;
city_inventory;Warberg;Baumwolle;scarcity_factor;0.7800;;
city_inventory;Warberg;Baumwolle;market_price;137;Mark;
city_inventory;Warberg;Kohle;stock;2;units;
city_inventory;Warberg;Kohle;scarcity_factor;1.4167;;
city_inventory;Warberg;Kohle;market_price;179;Mark;
city_inventory;Warberg;Stahl;stock;5361;units;
city_inventory;Warberg;Stahl;scarcity_factor;0.7800;;
city_inventory;Warberg;Stahl;market_price;141;Mark;
city_inventory;Warberg;Elektronik;stock;325060;units;
city_inventory;Warberg;Elektronik;scarcity_factor;0.7800;;
city_inventory;Warberg;Elektronik;market_price;151;Mark;
city_inventory;Warberg;Treibstoff;stock;189550;units;
city_inventory;Warberg;Treibstoff;scarcity_factor;0.7800;;
city_inventory;Warberg;Treibstoff;market_price;147;Mark;
city_inventory;Warberg;Seltene Erden;stock;14819;units;
city_inventory;Warberg;Seltene Erden;scarcity_factor;0.7800;;
city_inventory;Warberg;Seltene Erden;market_price;192;Mark;
city_inventory;Warberg;Mikrochips;stock;363957;units;
city_inventory;Warberg;Mikrochips;scarcity_factor;0.7800;;
city_inventory;Warberg;Mikrochips;market_price;203;Mark;
city_inventory;Warberg;Biofasern C22;stock;120;units;
city_inventory;Warberg;Biofasern C22;scarcity_factor;1.0000;;
city_inventory;Warberg;Biofasern C22;market_price;194;Mark;
city_inventory;Warberg;Nanobauteile C23;stock;0;units;
city_inventory;Warberg;Nanobauteile C23;scarcity_factor;1.4333;;
city_inventory;Warberg;Nanobauteile C23;market_price;372;Mark;
city_inventory;Warberg;Photonik C24;stock;0;units;
city_inventory;Warberg;Photonik C24;scarcity_factor;1.4333;;
city_inventory;Warberg;Photonik C24;market_price;489;Mark;
city_inventory;Warberg;Quantenkerne C25;stock;111;units;
city_inventory;Warberg;Quantenkerne C25;scarcity_factor;1.0725;;
city_inventory;Warberg;Quantenkerne C25;market_price;503;Mark;
city_inventory;Warberg;Synthtreibstoff C26;stock;120;units;
city_inventory;Warberg;Synthtreibstoff C26;scarcity_factor;1.0000;;
city_inventory;Warberg;Synthtreibstoff C26;market_price;385;Mark;
city_inventory;Warberg;Biofasern C27;stock;170;units;
city_inventory;Warberg;Biofasern C27;scarcity_factor;1.0000;;
city_inventory;Warberg;Biofasern C27;market_price;451;Mark;
city_inventory;Warberg;Nanobauteile C28;stock;80;units;
city_inventory;Warberg;Nanobauteile C28;scarcity_factor;1.1500;;
city_inventory;Warberg;Nanobauteile C28;market_price;596;Mark;
city_inventory;Warberg;Photonik C29;stock;0;units;
city_inventory;Warberg;Photonik C29;scarcity_factor;1.4333;;
city_inventory;Warberg;Photonik C29;market_price;496;Mark;
city_inventory;Warberg;Quantenkerne C30;stock;0;units;
city_inventory;Warberg;Quantenkerne C30;scarcity_factor;1.4333;;
city_inventory;Warberg;Quantenkerne C30;market_price;675;Mark;
city_inventory;Warberg;Synthtreibstoff C31;stock;242;units;
city_inventory;Warberg;Synthtreibstoff C31;scarcity_factor;0.9560;;
city_inventory;Warberg;Synthtreibstoff C31;market_price;729;Mark;
city_inventory;Warberg;Biofasern C32;stock;171;units;
city_inventory;Warberg;Biofasern C32;scarcity_factor;1.0000;;
city_inventory;Warberg;Biofasern C32;market_price;563;Mark;
city_inventory;Warberg;Nanobauteile C33;stock;0;units;
city_inventory;Warberg;Nanobauteile C33;scarcity_factor;1.4333;;
city_inventory;Warberg;Nanobauteile C33;market_price;1185;Mark;
city_inventory;Warberg;Photonik C34;stock;0;units;
city_inventory;Warberg;Photonik C34;scarcity_factor;1.4333;;
city_inventory;Warberg;Photonik C34;market_price;1232;Mark;
city_inventory;Warberg;Quantenkerne C35;stock;0;units;
city_inventory;Warberg;Quantenkerne C35;scarcity_factor;1.4333;;
city_inventory;Warberg;Quantenkerne C35;market_price;1040;Mark;
city_inventory;Warberg;Synthtreibstoff C36;stock;210;units;
city_inventory;Warberg;Synthtreibstoff C36;scarcity_factor;1.0000;;
city_inventory;Warberg;Synthtreibstoff C36;market_price;813;Mark;
city_inventory;Warberg;Biofasern C37;stock;150;units;
city_inventory;Warberg;Biofasern C37;scarcity_factor;1.0000;;
city_inventory;Warberg;Biofasern C37;market_price;400;Mark;
city_inventory;Warberg;Nanobauteile C38;stock;120;units;
city_inventory;Warberg;Nanobauteile C38;scarcity_factor;1.0000;;
city_inventory;Warberg;Nanobauteile C38;market_price;440;Mark;
city_inventory;Warberg;Photonik C39;stock;0;units;
city_inventory;Warberg;Photonik C39;scarcity_factor;1.4333;;
city_inventory;Warberg;Photonik C39;market_price;1252;Mark;
city_inventory;Warberg;Quantenkerne C40;stock;0;units;
city_inventory;Warberg;Quantenkerne C40;scarcity_factor;1.4333;;
city_inventory;Warberg;Quantenkerne C40;market_price;575;Mark;
city_inventory;Warberg;Synthtreibstoff C41;stock;0;units;
city_inventory;Warberg;Synthtreibstoff C41;scarcity_factor;1.4333;;
city_inventory;Warberg;Synthtreibstoff C41;market_price;831;Mark;
city_inventory;Warberg;Biofasern C42;stock;204;units;
city_inventory;Warberg;Biofasern C42;scarcity_factor;1.0000;;
city_inventory;Warberg;Biofasern C42;market_price;1074;Mark;
city_inventory;Warberg;Nanobauteile C43;stock;60;units;
city_inventory;Warberg;Nanobauteile C43;scarcity_factor;1.2000;;
city_inventory;Warberg;Nanobauteile C43;market_price;1246;Mark;
city_inventory;Warberg;Photonik C44;stock;320;units;
city_inventory;Warberg;Photonik C44;scarcity_factor;0.8533;;
city_inventory;Warberg;Photonik C44;market_price;847;Mark;
city_inventory;Warberg;Quantenkerne C45;stock;0;units;
city_inventory;Warberg;Quantenkerne C45;scarcity_factor;1.4333;;
city_inventory;Warberg;Quantenkerne C45;market_price;787;Mark;
city_inventory;Warberg;Synthtreibstoff C46;stock;80;units;
city_inventory;Warberg;Synthtreibstoff C46;scarcity_factor;1.1500;;
city_inventory;Warberg;Synthtreibstoff C46;market_price;779;Mark;
city_inventory;Warberg;Biofasern C47;stock;250;units;
city_inventory;Warberg;Biofasern C47;scarcity_factor;0.9400;;
city_inventory;Warberg;Biofasern C47;market_price;555;Mark;
city_inventory;Warberg;Nanobauteile C48;stock;0;units;
city_inventory;Warberg;Nanobauteile C48;scarcity_factor;1.4333;;
city_inventory;Warberg;Nanobauteile C48;market_price;895;Mark;
city_inventory;Warberg;Photonik C49;stock;100;units;
city_inventory;Warberg;Photonik C49;scarcity_factor;1.1000;;
city_inventory;Warberg;Photonik C49;market_price;552;Mark;
city_inventory;Warberg;Quantenkerne C50;stock;0;units;
city_inventory;Warberg;Quantenkerne C50;scarcity_factor;1.4333;;
city_inventory;Warberg;Quantenkerne C50;market_price;1849;Mark;
city_inventory;Warberg;Synthtreibstoff C51;stock;406;units;
city_inventory;Warberg;Synthtreibstoff C51;scarcity_factor;0.7800;;
city_inventory;Warberg;Synthtreibstoff C51;market_price;689;Mark;
city_inventory;Warberg;Biofasern C52;stock;40;units;
city_inventory;Warberg;Biofasern C52;scarcity_factor;1.1000;;
city_inventory;Warberg;Biofasern C52;market_price;1137;Mark;
city_inventory;Warberg;Nanobauteile C53;stock;20;units;
city_inventory;Warberg;Nanobauteile C53;scarcity_factor;1.2667;;
city_inventory;Warberg;Nanobauteile C53;market_price;1843;Mark;
city_inventory;Warberg;Photonik C54;stock;0;units;
city_inventory;Warberg;Photonik C54;scarcity_factor;1.4333;;
city_inventory;Warberg;Photonik C54;market_price;2045;Mark;
city_inventory;Warberg;Quantenkerne C55;stock;420;units;
city_inventory;Warberg;Quantenkerne C55;scarcity_factor;0.7800;;
city_inventory;Warberg;Quantenkerne C55;market_price;969;Mark;
city_inventory;Warberg;Synthtreibstoff C56;stock;108;units;
city_inventory;Warberg;Synthtreibstoff C56;scarcity_factor;1.0800;;
city_inventory;Warberg;Synthtreibstoff C56;market_price;1331;Mark;
city_inventory;Warberg;Biofasern C57;stock;80;units;
city_inventory;Warberg;Biofasern C57;scarcity_factor;1.1500;;
city_inventory;Warberg;Biofasern C57;market_price;1549;Mark;
city_inventory;Warberg;Nanobauteile C58;stock;0;units;
city_inventory;Warberg;Nanobauteile C58;scarcity_factor;1.4333;;
city_inventory;Warberg;Nanobauteile C58;market_price;2119;Mark;
city_inventory;Warberg;Photonik C59;stock;160;units;
city_inventory;Warberg;Photonik C59;scarcity_factor;1.0000;;
city_inventory;Warberg;Photonik C59;market_price;1159;Mark;
city_inventory;Warberg;Quantenkerne C60;stock;20;units;
city_inventory;Warberg;Quantenkerne C60;scarcity_factor;1.2667;;
city_inventory;Warberg;Quantenkerne C60;market_price;2625;Mark;
city_inventory;Warberg;Synthtreibstoff C61;stock;116;units;
city_inventory;Warberg;Synthtreibstoff C61;scarcity_factor;1.0600;;
city_inventory;Warberg;Synthtreibstoff C61;market_price;981;Mark;
city_inventory;Warberg;Biofasern C62;stock;20;units;
city_inventory;Warberg;Biofasern C62;scarcity_factor;1.2667;;
city_inventory;Warberg;Biofasern C62;market_price;655;Mark;
building;Warberg;1;id;brewery;;
building;Warberg;1;name;Brauerei;;
building;Warberg;1;level;1;;
building;Warberg;1;active;1;;
building;Warberg;1;can_run_now;0;;
building;Warberg;1;inputs;"{""Getreide"": 4, ""Holz"": 1}";;
building;Warberg;1;outputs;"{""Bier"": 6}";;
building;Warberg;2;id;fishery;;
building;Warberg;2;name;Fischerei;;
building;Warberg;2;level;1;;
building;Warberg;2;active;1;;
building;Warberg;2;can_run_now;1;;
building;Warberg;2;inputs;{};;
building;Warberg;2;outputs;"{""Hering"": 4}";;
building;Warberg;3;id;grain_farm;;
building;Warberg;3;name;Getreidehof;;
building;Warberg;3;level;2;;
building;Warberg;3;active;1;;
building;Warberg;3;can_run_now;1;;
building;Warberg;3;inputs;{};;
building;Warberg;3;outputs;"{""Getreide"": 5}";;
building;Warberg;4;id;salt_mine;;
building;Warberg;4;name;Salzmine;;
building;Warberg;4;level;1;;
building;Warberg;4;active;1;;
building;Warberg;4;can_run_now;1;;
building;Warberg;4;inputs;{};;
building;Warberg;4;outputs;"{""Salz"": 5}";;
building;Warberg;5;id;tannery;;
building;Warberg;5;name;Gerberei;;
building;Warberg;5;level;1;;
building;Warberg;5;active;1;;
building;Warberg;5;can_run_now;1;;
building;Warberg;5;inputs;"{""Salz"": 1}";;
building;Warberg;5;outputs;"{""Pelze"": 2}";;
building;Warberg;6;id;weavery;;
building;Warberg;6;name;Weberei;;
building;Warberg;6;level;1;;
building;Warberg;6;active;1;;
building;Warberg;6;can_run_now;1;;
building;Warberg;6;inputs;"{""Holz"": 2}";;
building;Warberg;6;outputs;"{""Tuch"": 3}";;
building;Warberg;7;id;winery;;
building;Warberg;7;name;Weinkellerei;;
building;Warberg;7;level;1;;
building;Warberg;7;active;1;;
building;Warberg;7;can_run_now;1;;
building;Warberg;7;inputs;"{""Getreide"": 3}";;
building;Warberg;7;outputs;"{""Wein"": 3}";;
building;Warberg;8;id;woodcutter;;
building;Warberg;8;name;Holzfaeller;;
building;Warberg;8;level;1;;
building;Warberg;8;active;1;;
building;Warberg;8;can_run_now;1;;
building;Warberg;8;inputs;{};;
building;Warberg;8;outputs;"{""Holz"": 6}";;
building;Warberg;9;id;grand_brewery;;
building;Warberg;9;name;Grossbrauerei;;
building;Warberg;9;level;1;;
building;Warberg;9;active;1;;
building;Warberg;9;can_run_now;0;;
building;Warberg;9;inputs;"{""Getreide"": 4, ""Hopfen"": 2, ""Holz"": 1}";;
building;Warberg;9;outputs;"{""Bier"": 10}";;
building;Warberg;10;id;hop_farm;;
building;Warberg;10;name;Hopfenplantage;;
building;Warberg;10;level;1;;
building;Warberg;10;active;1;;
building;Warberg;10;can_run_now;1;;
building;Warberg;10;inputs;{};;
building;Warberg;10;outputs;"{""Hopfen"": 5}";;
building;Warberg;11;id;tar_kiln;;
building;Warberg;11;name;Teerbrennerei;;
building;Warberg;11;level;1;;
building;Warberg;11;active;1;;
building;Warberg;11;can_run_now;0;;
building;Warberg;11;inputs;"{""Holz"": 3}";;
building;Warberg;11;outputs;"{""Teer"": 4}";;
building;Warberg;12;id;copper_mine;;
building;Warberg;12;name;Kupfermine;;
building;Warberg;12;level;1;;
building;Warberg;12;active;1;;
building;Warberg;12;can_run_now;1;;
building;Warberg;12;inputs;{};;
building;Warberg;12;outputs;"{""Kupfer"": 4}";;
building;Warberg;13;id;spice_refinery;;
building;Warberg;13;name;Gewuerzraffinerie;;
building;Warberg;13;level;1;;
building;Warberg;13;active;1;;
building;Warberg;13;can_run_now;1;;
building;Warberg;13;inputs;"{""Gewuerze"": 4}";;
building;Warberg;13;outputs;"{""Luxuswaren"": 6}";;
building;Warberg;14;id;spice_trade;;
building;Warberg;14;name;Gewuerzhandel;;
building;Warberg;14;level;1;;
building;Warberg;14;active;1;;
building;Warberg;14;can_run_now;1;;
building;Warberg;14;inputs;{};;
building;Warberg;14;outputs;"{""Gewuerze"": 4}";;
building;Warberg;15;id;sugar_farm;;
building;Warberg;15;name;Zuckerplantage;;
building;Warberg;15;level;1;;
building;Warberg;15;active;1;;
building;Warberg;15;can_run_now;1;;
building;Warberg;15;inputs;{};;
building;Warberg;15;outputs;"{""Zucker"": 5}";;
building;Warberg;16;id;sugar_refinery;;
building;Warberg;16;name;Zuckerraffinerie;;
building;Warberg;16;level;1;;
building;Warberg;16;active;1;;
building;Warberg;16;can_run_now;1;;
building;Warberg;16;inputs;"{""Zucker"": 5}";;
building;Warberg;16;outputs;"{""Luxuswaren"": 6}";;
building;Warberg;17;id;tobacco_farm;;
building;Warberg;17;name;Tabakplantage;;
building;Warberg;17;level;1;;
building;Warberg;17;active;1;;
building;Warberg;17;can_run_now;1;;
building;Warberg;17;inputs;{};;
building;Warberg;17;outputs;"{""Tabak"": 5}";;
building;Warberg;18;id;coffee_farm;;
building;Warberg;18;name;Kaffeeplantage;;
building;Warberg;18;level;1;;
building;Warberg;18;active;1;;
building;Warberg;18;can_run_now;1;;
building;Warberg;18;inputs;{};;
building;Warberg;18;outputs;"{""Kaffee"": 5}";;
building;Warberg;19;id;cotton_farm;;
building;Warberg;19;name;Baumwollfarm;;
building;Warberg;19;level;2;;
building;Warberg;19;active;1;;
building;Warberg;19;can_run_now;1;;
building;Warberg;19;inputs;{};;
building;Warberg;19;outputs;"{""Baumwolle"": 5}";;
building;Warberg;20;id;textile_factory;;
building;Warberg;20;name;Textilmanufaktur;;
building;Warberg;20;level;1;;
building;Warberg;20;active;1;;
building;Warberg;20;can_run_now;1;;
building;Warberg;20;inputs;"{""Baumwolle"": 5}";;
building;Warberg;20;outputs;"{""Tuch"": 7}";;
building;Warberg;21;id;coal_mine;;
building;Warberg;21;name;Kohlemine;;
building;Warberg;21;level;1;;
building;Warberg;21;active;1;;
building;Warberg;21;can_run_now;1;;
building;Warberg;21;inputs;{};;
building;Warberg;21;outputs;"{""Kohle"": 6}";;
building;Warberg;22;id;refinery;;
building;Warberg;22;name;Raffinerie;;
building;Warberg;22;level;2;;
building;Warberg;22;active;1;;
building;Warberg;22;can_run_now;0;;
building;Warberg;22;inputs;"{""Kohle"": 5}";;
building;Warberg;22;outputs;"{""Treibstoff"": 6}";;
building;Warberg;23;id;steel_mill;;
building;Warberg;23;name;Stahlwerk;;
building;Warberg;23;level;1;;
building;Warberg;23;active;1;;
building;Warberg;23;can_run_now;0;;
building;Warberg;23;inputs;"{""Kohle"": 4, ""Kupfer"": 2}";;
building;Warberg;23;outputs;"{""Stahl"": 5}";;
building;Warberg;24;id;electronics_factory;;
building;Warberg;24;name;Elektronikfabrik;;
building;Warberg;24;level;1;;
building;Warberg;24;active;1;;
building;Warberg;24;can_run_now;1;;
building;Warberg;24;inputs;"{""Stahl"": 3, ""Kupfer"": 2}";;
building;Warberg;24;outputs;"{""Elektronik"": 5}";;
building;Warberg;25;id;chip_factory;;
building;Warberg;25;name;Chipfabrik;;
building;Warberg;25;level;1;;
building;Warberg;25;active;1;;
building;Warberg;25;can_run_now;1;;
building;Warberg;25;inputs;"{""Seltene Erden"": 3}";;
building;Warberg;25;outputs;"{""Mikrochips"": 5}";;
building;Warberg;26;id;rare_earth_mine;;
building;Warberg;26;name;Seltene Erden Mine;;
building;Warberg;26;level;1;;
building;Warberg;26;active;1;;
building;Warberg;26;can_run_now;1;;
building;Warberg;26;inputs;{};;
building;Warberg;26;outputs;"{""Seltene Erden"": 4}";;
city;Malmoe;;treasury;103918;Mark;
city;Malmoe;;bankrupt;0;;
city;Malmoe;;building_count;26;count;
city_inventory;Malmoe;Salz;stock;168611;units;
city_inventory;Malmoe;Salz;scarcity_factor;0.7800;;
city_inventory;Malmoe;Salz;market_price;48;Mark;
city_inventory;Malmoe;Holz;stock;3;units;
city_inventory;Malmoe;Holz;scarcity_factor;1.4083;;
city_inventory;Malmoe;Holz;market_price;50;Mark;
city_inventory;Malmoe;Pelze;stock;139368;units;
city_inventory;Malmoe;Pelze;scarcity_factor;0.7800;;
city_inventory;Malmoe;Pelze;market_price;96;Mark;
city_inventory;Malmoe;Getreide;stock;2;units;
city_inventory;Malmoe;Getreide;scarcity_factor;1.4167;;
city_inventory;Malmoe;Getreide;market_price;51;Mark;
city_inventory;Malmoe;Tuch;stock;705036;units;
city_inventory;Malmoe;Tuch;scarcity_factor;0.7800;;
city_inventory;Malmoe;Tuch;market_price;58;Mark;
city_inventory;Malmoe;Hering;stock;172848;units;
city_inventory;Malmoe;Hering;scarcity_factor;0.7800;;
city_inventory;Malmoe;Hering;market_price;31;Mark;
city_inventory;Malmoe;Wein;stock;151988;units;
city_inventory;Malmoe;Wein;scarcity_factor;0.7800;;
city_inventory;Malmoe;Wein;market_price;76;Mark;
city_inventory;Malmoe;Bier;stock;194708;units;
city_inventory;Malmoe;Bier;scarcity_factor;0.7800;;
city_inventory;Malmoe;Bier;market_price;44;Mark;
city_inventory;Malmoe;Hopfen;stock;298645;units;
city_inventory;Malmoe;Hopfen;scarcity_factor;0.7800;;
city_inventory;Malmoe;Hopfen;market_price;65;Mark;
city_inventory;Malmoe;Teer;stock;220104;units;
city_inventory;Malmoe;Teer;scarcity_factor;0.7800;;
city_inventory;Malmoe;Teer;market_price;65;Mark;
city_inventory;Malmoe;Gewuerze;stock;574;units;
city_inventory;Malmoe;Gewuerze;scarcity_factor;0.7800;;
city_inventory;Malmoe;Gewuerze;market_price;158;Mark;
city_inventory;Malmoe;Kupfer;stock;94288;units;
city_inventory;Malmoe;Kupfer;scarcity_factor;0.7800;;
city_inventory;Malmoe;Kupfer;market_price;105;Mark;
city_inventory;Malmoe;Luxuswaren;stock;578236;units;
city_inventory;Malmoe;Luxuswaren;scarcity_factor;0.7800;;
city_inventory;Malmoe;Luxuswaren;market_price;145;Mark;
city_inventory;Malmoe;Tabak;stock;232515;units;
city_inventory;Malmoe;Tabak;scarcity_factor;0.7800;;
city_inventory;Malmoe;Tabak;market_price;68;Mark;
city_inventory;Malmoe;Zucker;stock;180;units;
city_inventory;Malmoe;Zucker;scarcity_factor;1.0000;;
city_inventory;Malmoe;Zucker;market_price;195;Mark;
city_inventory;Malmoe;Kaffee;stock;484889;units;
city_inventory;Malmoe;Kaffee;scarcity_factor;0.7800;;
city_inventory;Malmoe;Kaffee;market_price;83;Mark;
city_inventory;Malmoe;Baumwolle;stock;3;units;
city_inventory;Malmoe;Baumwolle;scarcity_factor;1.4083;;
city_inventory;Malmoe;Baumwolle;market_price;190;Mark;
city_inventory;Malmoe;Kohle;stock;2;units;
city_inventory;Malmoe;Kohle;scarcity_factor;1.4167;;
city_inventory;Malmoe;Kohle;market_price;150;Mark;
city_inventory;Malmoe;Stahl;stock;2;units;
city_inventory;Malmoe;Stahl;scarcity_factor;1.4167;;
city_inventory;Malmoe;Stahl;market_price;192;Mark;
city_inventory;Malmoe;Elektronik;stock;351313;units;
city_inventory;Malmoe;Elektronik;scarcity_factor;0.7800;;
city_inventory;Malmoe;Elektronik;market_price;217;Mark;
city_inventory;Malmoe;Treibstoff;stock;273492;units;
city_inventory;Malmoe;Treibstoff;scarcity_factor;0.7800;;
city_inventory;Malmoe;Treibstoff;market_price;196;Mark;
city_inventory;Malmoe;Seltene Erden;stock;30375;units;
city_inventory;Malmoe;Seltene Erden;scarcity_factor;0.7800;;
city_inventory;Malmoe;Seltene Erden;market_price;168;Mark;
city_inventory;Malmoe;Mikrochips;stock;228776;units;
city_inventory;Malmoe;Mikrochips;scarcity_factor;0.7800;;
city_inventory;Malmoe;Mikrochips;market_price;216;Mark;
city_inventory;Malmoe;Biofasern C22;stock;120;units;
city_inventory;Malmoe;Biofasern C22;scarcity_factor;1.0000;;
city_inventory;Malmoe;Biofasern C22;market_price;169;Mark;
city_inventory;Malmoe;Nanobauteile C23;stock;20;units;
city_inventory;Malmoe;Nanobauteile C23;scarcity_factor;1.2667;;
city_inventory;Malmoe;Nanobauteile C23;market_price;340;Mark;
city_inventory;Malmoe;Photonik C24;stock;120;units;
city_inventory;Malmoe;Photonik C24;scarcity_factor;1.0000;;
city_inventory;Malmoe;Photonik C24;market_price;289;Mark;
city_inventory;Malmoe;Quantenkerne C25;stock;0;units;
city_inventory;Malmoe;Quantenkerne C25;scarcity_factor;1.4333;;
city_inventory;Malmoe;Quantenkerne C25;market_price;423;Mark;
city_inventory;Malmoe;Synthtreibstoff C26;stock;0;units;
city_inventory;Malmoe;Synthtreibstoff C26;scarcity_factor;1.4333;;
city_inventory;Malmoe;Synthtreibstoff C26;market_price;325;Mark;
city_inventory;Malmoe;Biofasern C27;stock;310;units;
city_inventory;Malmoe;Biofasern C27;scarcity_factor;0.8644;;
city_inventory;Malmoe;Biofasern C27;market_price;303;Mark;
city_inventory;Malmoe;Nanobauteile C28;stock;100;units;
city_inventory;Malmoe;Nanobauteile C28;scarcity_factor;1.1000;;
city_inventory;Malmoe;Nanobauteile C28;market_price;301;Mark;
city_inventory;Malmoe;Photonik C29;stock;76;units;
city_inventory;Malmoe;Photonik C29;scarcity_factor;1.1600;;
city_inventory;Malmoe;Photonik C29;market_price;665;Mark;
city_inventory;Malmoe;Quantenkerne C30;stock;0;units;
city_inventory;Malmoe;Quantenkerne C30;scarcity_factor;1.4333;;
city_inventory;Malmoe;Quantenkerne C30;market_price;666;Mark;
city_inventory;Malmoe;Synthtreibstoff C31;stock;103;units;
city_inventory;Malmoe;Synthtreibstoff C31;scarcity_factor;1.0925;;
city_inventory;Malmoe;Synthtreibstoff C31;market_price;685;Mark;
city_inventory;Malmoe;Biofasern C32;stock;220;units;
city_inventory;Malmoe;Biofasern C32;scarcity_factor;1.0000;;
city_inventory;Malmoe;Biofasern C32;market_price;395;Mark;
city_inventory;Malmoe;Nanobauteile C33;stock;129;units;
city_inventory;Malmoe;Nanobauteile C33;scarcity_factor;1.0000;;
city_inventory;Malmoe;Nanobauteile C33;market_price;795;Mark;
city_inventory;Malmoe;Photonik C34;stock;40;units;
city_inventory;Malmoe;Photonik C34;scarcity_factor;1.1000;;
city_inventory;Malmoe;Photonik C34;market_price;569;Mark;
city_inventory;Malmoe;Quantenkerne C35;stock;20;units;
city_inventory;Malmoe;Quantenkerne C35;scarcity_factor;1.2667;;
city_inventory;Malmoe;Quantenkerne C35;market_price;1159;Mark;
city_inventory;Malmoe;Synthtreibstoff C36;stock;0;units;
city_inventory;Malmoe;Synthtreibstoff C36;scarcity_factor;1.4333;;
city_inventory;Malmoe;Synthtreibstoff C36;market_price;1085;Mark;
city_inventory;Malmoe;Biofasern C37;stock;160;units;
city_inventory;Malmoe;Biofasern C37;scarcity_factor;1.0000;;
city_inventory;Malmoe;Biofasern C37;market_price;608;Mark;
city_inventory;Malmoe;Nanobauteile C38;stock;0;units;
city_inventory;Malmoe;Nanobauteile C38;scarcity_factor;1.4333;;
city_inventory;Malmoe;Nanobauteile C38;market_price;916;Mark;
city_inventory;Malmoe;Photonik C39;stock;0;units;
city_inventory;Malmoe;Photonik C39;scarcity_factor;1.4333;;
city_inventory;Malmoe;Photonik C39;market_price;867;Mark;
city_inventory;Malmoe;Quantenkerne C40;stock;180;units;
city_inventory;Malmoe;Quantenkerne C40;scarcity_factor;1.0000;;
city_inventory;Malmoe;Quantenkerne C40;market_price;1077;Mark;
city_inventory;Malmoe;Synthtreibstoff C41;stock;0;units;
city_inventory;Malmoe;Synthtreibstoff C41;scarcity_factor;1.4333;;
city_inventory;Malmoe;Synthtreibstoff C41;market_price;751;Mark;
city_inventory;Malmoe;Biofasern C42;stock;160;units;
city_inventory;Malmoe;Biofasern C42;scarcity_factor;1.0000;;
city_inventory;Malmoe;Biofasern C42;market_price;491;Mark;
city_inventory;Malmoe;Nanobauteile C43;stock;0;units;
city_inventory;Malmoe;Nanobauteile C43;scarcity_factor;1.4333;;
city_inventory;Malmoe;Nanobauteile C43;market_price;1580;Mark;
city_inventory;Malmoe;Photonik C44;stock;0;units;
city_inventory;Malmoe;Photonik C44;scarcity_factor;1.4333;;
city_inventory;Malmoe;Photonik C44;market_price;840;Mark;
city_inventory;Malmoe;Quantenkerne C45;stock;0;units;
city_inventory;Malmoe;Quantenkerne C45;scarcity_factor;1.4333;;
city_inventory;Malmoe;Quantenkerne C45;market_price;1188;Mark;
city_inventory;Malmoe;Synthtreibstoff C46;stock;0;units;
city_inventory;Malmoe;Synthtreibstoff C46;scarcity_factor;1.4333;;
city_inventory;Malmoe;Synthtreibstoff C46;market_price;1617;Mark;
city_inventory;Malmoe;Biofasern C47;stock;100;units;
city_inventory;Malmoe;Biofasern C47;scarcity_factor;1.1000;;
city_inventory;Malmoe;Biofasern C47;market_price;755;Mark;
city_inventory;Malmoe;Nanobauteile C48;stock;100;units;
city_inventory;Malmoe;Nanobauteile C48;scarcity_factor;1.1000;;
city_inventory;Malmoe;Nanobauteile C48;market_price;675;Mark;
city_inventory;Malmoe;Photonik C49;stock;60;units;
city_inventory;Malmoe;Photonik C49;scarcity_factor;1.2000;;
city_inventory;Malmoe;Photonik C49;market_price;856;Mark;
city_inventory;Malmoe;Quantenkerne C50;stock;20;units;
city_inventory;Malmoe;Quantenkerne C50;scarcity_factor;1.2667;;
city_inventory;Malmoe;Quantenkerne C50;market_price;722;Mark;
city_inventory;Malmoe;Synthtreibstoff C51;stock;20;units;
city_inventory;Malmoe;Synthtreibstoff C51;scarcity_factor;1.2667;;
city_inventory;Malmoe;Synthtreibstoff C51;market_price;843;Mark;
city_inventory;Malmoe;Biofasern C52;stock;0;units;
city_inventory;Malmoe;Biofasern C52;scarcity_factor;1.4333;;
city_inventory;Malmoe;Biofasern C52;market_price;846;Mark;
city_inventory;Malmoe;Nanobauteile C53;stock;20;units;
city_inventory;Malmoe;Nanobauteile C53;scarcity_factor;1.2667;;
city_inventory;Malmoe;Nanobauteile C53;market_price;2398;Mark;
city_inventory;Malmoe;Photonik C54;stock;20;units;
city_inventory;Malmoe;Photonik C54;scarcity_factor;1.2667;;
city_inventory;Malmoe;Photonik C54;market_price;898;Mark;
city_inventory;Malmoe;Quantenkerne C55;stock;20;units;
city_inventory;Malmoe;Quantenkerne C55;scarcity_factor;1.2667;;
city_inventory;Malmoe;Quantenkerne C55;market_price;2750;Mark;
city_inventory;Malmoe;Synthtreibstoff C56;stock;260;units;
city_inventory;Malmoe;Synthtreibstoff C56;scarcity_factor;0.9200;;
city_inventory;Malmoe;Synthtreibstoff C56;market_price;1543;Mark;
city_inventory;Malmoe;Biofasern C57;stock;220;units;
city_inventory;Malmoe;Biofasern C57;scarcity_factor;1.0000;;
city_inventory;Malmoe;Biofasern C57;market_price;742;Mark;
city_inventory;Malmoe;Nanobauteile C58;stock;100;units;
city_inventory;Malmoe;Nanobauteile C58;scarcity_factor;1.1000;;
city_inventory;Malmoe;Nanobauteile C58;market_price;738;Mark;
city_inventory;Malmoe;Photonik C59;stock;0;units;
city_inventory;Malmoe;Photonik C59;scarcity_factor;1.4333;;
city_inventory;Malmoe;Photonik C59;market_price;900;Mark;
city_inventory;Malmoe;Quantenkerne C60;stock;60;units;
city_inventory;Malmoe;Quantenkerne C60;scarcity_factor;1.2000;;
city_inventory;Malmoe;Quantenkerne C60;market_price;953;Mark;
city_inventory;Malmoe;Synthtreibstoff C61;stock;0;units;
city_inventory;Malmoe;Synthtreibstoff C61;scarcity_factor;1.4333;;
city_inventory;Malmoe;Synthtreibstoff C61;market_price;1454;Mark;
city_inventory;Malmoe;Biofasern C62;stock;200;units;
city_inventory;Malmoe;Biofasern C62;scarcity_factor;1.0000;;
city_inventory;Malmoe;Biofasern C62;market_price;1416;Mark;
building;Malmoe;1;id;brewery;;
building;Malmoe;1;name;Brauerei;;
building;Malmoe;1;level;1;;
building;Malmoe;1;active;1;;
building;Malmoe;1;can_run_now;0;;
building;Malmoe;1;inputs;"{""Getreide"": 4, ""Holz"": 1}";;
building;Malmoe;1;outputs;"{""Bier"": 6}";;
building;Malmoe;2;id;fishery;;
building;Malmoe;2;name;Fischerei;;
building;Malmoe;2;level;1;;
building;Malmoe;2;active;1;;
building;Malmoe;2;can_run_now;1;;
building;Malmoe;2;inputs;{};;
building;Malmoe;2;outputs;"{""Hering"": 4}";;
building;Malmoe;3;id;grain_farm;;
building;Malmoe;3;name;Getreidehof;;
building;Malmoe;3;level;1;;
building;Malmoe;3;active;1;;
building;Malmoe;3;can_run_now;1;;
building;Malmoe;3;inputs;{};;
building;Malmoe;3;outputs;"{""Getreide"": 5}";;
building;Malmoe;4;id;salt_mine;;
building;Malmoe;4;name;Salzmine;;
building;Malmoe;4;level;1;;
building;Malmoe;4;active;1;;
building;Malmoe;4;can_run_now;1;;
building;Malmoe;4;inputs;{};;
building;Malmoe;4;outputs;"{""Salz"": 5}";;
building;Malmoe;5;id;tannery;;
building;Malmoe;5;name;Gerberei;;
building;Malmoe;5;level;1;;
building;Malmoe;5;active;1;;
building;Malmoe;5;can_run_now;1;;
building;Malmoe;5;inputs;"{""Salz"": 1}";;
building;Malmoe;5;outputs;"{""Pelze"": 2}";;
building;Malmoe;6;id;weavery;;
building;Malmoe;6;name;Weberei;;
building;Malmoe;6;level;2;;
building;Malmoe;6;active;1;;
building;Malmoe;6;can_run_now;0;;
building;Malmoe;6;inputs;"{""Holz"": 2}";;
building;Malmoe;6;outputs;"{""Tuch"": 3}";;
building;Malmoe;7;id;winery;;
building;Malmoe;7;name;Weinkellerei;;
building;Malmoe;7;level;1;;
building;Malmoe;7;active;1;;
building;Malmoe;7;can_run_now;0;;
building;Malmoe;7;inputs;"{""Getreide"": 3}";;
building;Malmoe;7;outputs;"{""Wein"": 3}";;
building;Malmoe;8;id;woodcutter;;
building;Malmoe;8;name;Holzfaeller;;
building;Malmoe;8;level;1;;
building;Malmoe;8;active;1;;
building;Malmoe;8;can_run_now;1;;
building;Malmoe;8;inputs;{};;
building;Malmoe;8;outputs;"{""Holz"": 6}";;
building;Malmoe;9;id;grand_brewery;;
building;Malmoe;9;name;Grossbrauerei;;
building;Malmoe;9;level;1;;
building;Malmoe;9;active;1;;
building;Malmoe;9;can_run_now;0;;
building;Malmoe;9;inputs;"{""Getreide"": 4, ""Hopfen"": 2, ""Holz"": 1}";;
building;Malmoe;9;outputs;"{""Bier"": 10}";;
building;Malmoe;10;id;hop_farm;;
building;Malmoe;10;name;Hopfenplantage;;
building;Malmoe;10;level;1;;
building;Malmoe;10;active;1;;
building;Malmoe;10;can_run_now;1;;
building;Malmoe;10;inputs;{};;
building;Malmoe;10;outputs;"{""Hopfen"": 5}";;
building;Malmoe;11;id;tar_kiln;;
building;Malmoe;11;name;Teerbrennerei;;
building;Malmoe;11;level;1;;
building;Malmoe;11;active;1;;
building;Malmoe;11;can_run_now;1;;
building;Malmoe;11;inputs;"{""Holz"": 3}";;
building;Malmoe;11;outputs;"{""Teer"": 4}";;
building;Malmoe;12;id;copper_mine;;
building;Malmoe;12;name;Kupfermine;;
building;Malmoe;12;level;1;;
building;Malmoe;12;active;1;;
building;Malmoe;12;can_run_now;1;;
building;Malmoe;12;inputs;{};;
building;Malmoe;12;outputs;"{""Kupfer"": 4}";;
building;Malmoe;13;id;spice_refinery;;
building;Malmoe;13;name;Gewuerzraffinerie;;
building;Malmoe;13;level;1;;
building;Malmoe;13;active;1;;
building;Malmoe;13;can_run_now;1;;
building;Malmoe;13;inputs;"{""Gewuerze"": 4}";;
building;Malmoe;13;outputs;"{""Luxuswaren"": 6}";;
building;Malmoe;14;id;spice_trade;;
building;Malmoe;14;name;Gewuerzhandel;;
building;Malmoe;14;level;1;;
building;Malmoe;14;active;1;;
building;Malmoe;14;can_run_now;1;;
building;Malmoe;14;inputs;{};;
building;Malmoe;14;outputs;"{""Gewuerze"": 4}";;
building;Malmoe;15;id;sugar_farm;;
building;Malmoe;15;name;Zuckerplantage;;
building;Malmoe;15;level;1;;
building;Malmoe;15;active;1;;
building;Malmoe;15;can_run_now;1;;
building;Malmoe;15;inputs;{};;
building;Malmoe;15;outputs;"{""Zucker"": 5}";;
building;Malmoe;16;id;sugar_refinery;;
building;Malmoe;16;name;Zuckerraffinerie;;
building;Malmoe;16;level;1;;
building;Malmoe;16;active;1;;
building;Malmoe;16;can_run_now;1;;
building;Malmoe;16;inputs;"{""Zucker"": 5}";;
building;Malmoe;16;outputs;"{""Luxuswaren"": 6}";;
building;Malmoe;17;id;tobacco_farm;;
building;Malmoe;17;name;Tabakplantage;;
building;Malmoe;17;level;1;;
building;Malmoe;17;active;1;;
building;Malmoe;17;can_run_now;1;;
building;Malmoe;17;inputs;{};;
building;Malmoe;17;outputs;"{""Tabak"": 5}";;
building;Malmoe;18;id;coffee_farm;;
building;Malmoe;18;name;Kaffeeplantage;;
building;Malmoe;18;level;2;;
building;Malmoe;18;active;1;;
building;Malmoe;18;can_run_now;1;;
building;Malmoe;18;inputs;{};;
building;Malmoe;18;outputs;"{""Kaffee"": 5}";;
building;Malmoe;19;id;cotton_farm;;
building;Malmoe;19;name;Baumwollfarm;;
building;Malmoe;19;level;1;;
building;Malmoe;19;active;1;;
building;Malmoe;19;can_run_now;1;;
building;Malmoe;19;inputs;{};;
building;Malmoe;19;outputs;"{""Baumwolle"": 5}";;
building;Malmoe;20;id;textile_factory;;
building;Malmoe;20;name;Textilmanufaktur;;
building;Malmoe;20;level;2;;
building;Malmoe;20;active;1;;
building;Malmoe;20;can_run_now;0;;
building;Malmoe;20;inputs;"{""Baumwolle"": 5}";;
building;Malmoe;20;outputs;"{""Tuch"": 7}";;
building;Malmoe;21;id;coal_mine;;
building;Malmoe;21;name;Kohlemine;;
building;Malmoe;21;level;1;;
building;Malmoe;21;active;1;;
building;Malmoe;21;can_run_now;1;;
building;Malmoe;21;inputs;{};;
building;Malmoe;21;outputs;"{""Kohle"": 6}";;
building;Malmoe;22;id;refinery;;
building;Malmoe;22;name;Raffinerie;;
building;Malmoe;22;level;1;;
building;Malmoe;22;active;1;;
building;Malmoe;22;can_run_now;0;;
building;Malmoe;22;inputs;"{""Kohle"": 5}";;
building;Malmoe;22;outputs;"{""Treibstoff"": 6}";;
building;Malmoe;23;id;steel_mill;;
building;Malmoe;23;name;Stahlwerk;;
building;Malmoe;23;level;1;;
building;Malmoe;23;active;1;;
building;Malmoe;23;can_run_now;0;;
building;Malmoe;23;inputs;"{""Kohle"": 4, ""Kupfer"": 2}";;
building;Malmoe;23;outputs;"{""Stahl"": 5}";;
building;Malmoe;24;id;electronics_factory;;
building;Malmoe;24;name;Elektronikfabrik;;
building;Malmoe;24;level;1;;
building;Malmoe;24;active;1;;
building;Malmoe;24;can_run_now;0;;
building;Malmoe;24;inputs;"{""Stahl"": 3, ""Kupfer"": 2}";;
building;Malmoe;24;outputs;"{""Elektronik"": 5}";;
building;Malmoe;25;id;chip_factory;;
building;Malmoe;25;name;Chipfabrik;;
building;Malmoe;25;level;1;;
building;Malmoe;25;active;1;;
building;Malmoe;25;can_run_now;1;;
building;Malmoe;25;inputs;"{""Seltene Erden"": 3}";;
building;Malmoe;25;outputs;"{""Mikrochips"": 5}";;
building;Malmoe;26;id;rare_earth_mine;;
building;Malmoe;26;name;Seltene Erden Mine;;
building;Malmoe;26;level;1;;
building;Malmoe;26;active;1;;
building;Malmoe;26;can_run_now;1;;
building;Malmoe;26;inputs;{};;
building;Malmoe;26;outputs;"{""Seltene Erden"": 4}";;
city;Ystad;;treasury;49834;Mark;
city;Ystad;;bankrupt;0;;
city;Ystad;;building_count;26;count;
city_inventory;Ystad;Salz;stock;169329;units;
city_inventory;Ystad;Salz;scarcity_factor;0.7800;;
city_inventory;Ystad;Salz;market_price;30;Mark;
city_inventory;Ystad;Holz;stock;41304;units;
city_inventory;Ystad;Holz;scarcity_factor;0.7800;;
city_inventory;Ystad;Holz;market_price;19;Mark;
city_inventory;Ystad;Pelze;stock;183116;units;
city_inventory;Ystad;Pelze;scarcity_factor;0.7800;;
city_inventory;Ystad;Pelze;market_price;85;Mark;
city_inventory;Ystad;Getreide;stock;3;units;
city_inventory;Ystad;Getreide;scarcity_factor;1.4083;;
city_inventory;Ystad;Getreide;market_price;46;Mark;
city_inventory;Ystad;Tuch;stock;547846;units;
city_inventory;Ystad;Tuch;scarcity_factor;0.7800;;
city_inventory;Ystad;Tuch;market_price;37;Mark;
city_inventory;Ystad;Hering;stock;408932;units;
city_inventory;Ystad;Hering;scarcity_factor;0.7800;;
city_inventory;Ystad;Hering;market_price;23;Mark;
city_inventory;Ystad;Wein;stock;175891;units;
city_inventory;Ystad;Wein;scarcity_factor;0.7800;;
city_inventory;Ystad;Wein;market_price;97;Mark;
city_inventory;Ystad;Bier;stock;190327;units;
city_inventory;Ystad;Bier;scarcity_factor;0.7800;;
city_inventory;Ystad;Bier;market_price;26;Mark;
city_inventory;Ystad;Hopfen;stock;235787;units;
city_inventory;Ystad;Hopfen;scarcity_factor;0.7800;;
city_inventory;Ystad;Hopfen;market_price;39;Mark;
city_inventory;Ystad;Teer;stock;242264;units;
city_inventory;Ystad;Teer;scarcity_factor;0.7800;;
city_inventory;Ystad;Teer;market_price;70;Mark;
city_inventory;Ystad;Gewuerze;stock;141304;units;
city_inventory;Ystad;Gewuerze;scarcity_factor;0.7800;;
city_inventory;Ystad;Gewuerze;market_price;99;Mark;
city_inventory;Ystad;Kupfer;stock;108032;units;
city_inventory;Ystad;Kupfer;scarcity_factor;0.7800;;
city_inventory;Ystad;Kupfer;market_price;79;Mark;
city_inventory;Ystad;Luxuswaren;stock;675427;units;
city_inventory;Ystad;Luxuswaren;scarcity_factor;0.7800;;
city_inventory;Ystad;Luxuswaren;market_price;116;Mark;
city_inventory;Ystad;Tabak;stock;233255;units;
city_inventory;Ystad;Tabak;scarcity_factor;0.7800;;
city_inventory;Ystad;Tabak;market_price;53;Mark;
city_inventory;Ystad;Zucker;stock;3;units;
city_inventory;Ystad;Zucker;scarcity_factor;1.4083;;
city_inventory;Ystad;Zucker;market_price;201;Mark;
city_inventory;Ystad;Kaffee;stock;237685;units;
city_inventory;Ystad;Kaffee;scarcity_factor;0.7800;;
city_inventory;Ystad;Kaffee;market_price;100;Mark;
city_inventory;Ystad;Baumwolle;stock;650;units;
city_inventory;Ystad;Baumwolle;scarcity_factor;0.7800;;
city_inventory;Ystad;Baumwolle;market_price;108;Mark;
city_inventory;Ystad;Kohle;stock;1;units;
city_inventory;Ystad;Kohle;scarcity_factor;1.4250;;
city_inventory;Ystad;Kohle;market_price;87;Mark;
city_inventory;Ystad;Stahl;stock;1;units;
city_inventory;Ystad;Stahl;scarcity_factor;1.4250;;
city_inventory;Ystad;Stahl;market_price;190;Mark;
city_inventory;Ystad;Elektronik;stock;81945;units;
city_inventory;Ystad;Elektronik;scarcity_factor;0.7800;;
city_inventory;Ystad;Elektronik;market_price;143;Mark;
city_inventory;Ystad;Treibstoff;stock;530407;units;
city_inventory;Ystad;Treibstoff;scarcity_factor;0.7800;;
city_inventory;Ystad;Treibstoff;market_price;132;Mark;
city_inventory;Ystad;Seltene Erden;stock;54663;units;
city_inventory;Ystad;Seltene Erden;scarcity_factor;0.7800;;
city_inventory;Ystad;Seltene Erden;market_price;132;Mark;
city_inventory;Ystad;Mikrochips;stock;226681;units;
city_inventory;Ystad;Mikrochips;scarcity_factor;0.7800;;
city_inventory;Ystad;Mikrochips;market_price;203;Mark;
city_inventory;Ystad;Biofasern C22;stock;273;units;
city_inventory;Ystad;Biofasern C22;scarcity_factor;0.9056;;
city_inventory;Ystad;Biofasern C22;market_price;102;Mark;
city_inventory;Ystad;Nanobauteile C23;stock;0;units;
city_inventory;Ystad;Nanobauteile C23;scarcity_factor;1.4333;;
city_inventory;Ystad;Nanobauteile C23;market_price;363;Mark;
city_inventory;Ystad;Photonik C24;stock;0;units;
city_inventory;Ystad;Photonik C24;scarcity_factor;1.4333;;
city_inventory;Ystad;Photonik C24;market_price;378;Mark;
city_inventory;Ystad;Quantenkerne C25;stock;80;units;
city_inventory;Ystad;Quantenkerne C25;scarcity_factor;1.1500;;
city_inventory;Ystad;Quantenkerne C25;market_price;525;Mark;
city_inventory;Ystad;Synthtreibstoff C26;stock;74;units;
city_inventory;Ystad;Synthtreibstoff C26;scarcity_factor;1.1650;;
city_inventory;Ystad;Synthtreibstoff C26;market_price;385;Mark;
city_inventory;Ystad;Biofasern C27;stock;50;units;
city_inventory;Ystad;Biofasern C27;scarcity_factor;1.2250;;
city_inventory;Ystad;Biofasern C27;market_price;326;Mark;
city_inventory;Ystad;Nanobauteile C28;stock;0;units;
city_inventory;Ystad;Nanobauteile C28;scarcity_factor;1.4333;;
city_inventory;Ystad;Nanobauteile C28;market_price;602;Mark;
city_inventory;Ystad;Photonik C29;stock;0;units;
city_inventory;Ystad;Photonik C29;scarcity_factor;1.4333;;
city_inventory;Ystad;Photonik C29;market_price;560;Mark;
city_inventory;Ystad;Quantenkerne C30;stock;40;units;
city_inventory;Ystad;Quantenkerne C30;scarcity_factor;1.1000;;
city_inventory;Ystad;Quantenkerne C30;market_price;339;Mark;
city_inventory;Ystad;Synthtreibstoff C31;stock;230;units;
city_inventory;Ystad;Synthtreibstoff C31;scarcity_factor;0.9800;;
city_inventory;Ystad;Synthtreibstoff C31;market_price;396;Mark;
city_inventory;Ystad;Biofasern C32;stock;165;units;
city_inventory;Ystad;Biofasern C32;scarcity_factor;1.0000;;
city_inventory;Ystad;Biofasern C32;market_price;432;Mark;
city_inventory;Ystad;Nanobauteile C33;stock;0;units;
city_inventory;Ystad;Nanobauteile C33;scarcity_factor;1.4333;;
city_inventory;Ystad;Nanobauteile C33;market_price;603;Mark;
city_inventory;Ystad;Photonik C34;stock;60;units;
city_inventory;Ystad;Photonik C34;scarcity_factor;1.2000;;
city_inventory;Ystad;Photonik C34;market_price;615;Mark;
city_inventory;Ystad;Quantenkerne C35;stock;40;units;
city_inventory;Ystad;Quantenkerne C35;scarcity_factor;1.1000;;
city_inventory;Ystad;Quantenkerne C35;market_price;1211;Mark;
city_inventory;Ystad;Synthtreibstoff C36;stock;78;units;
city_inventory;Ystad;Synthtreibstoff C36;scarcity_factor;1.1550;;
city_inventory;Ystad;Synthtreibstoff C36;market_price;696;Mark;
city_inventory;Ystad;Biofasern C37;stock;180;units;
city_inventory;Ystad;Biofasern C37;scarcity_factor;1.0000;;
city_inventory;Ystad;Biofasern C37;market_price;277;Mark;
city_inventory;Ystad;Nanobauteile C38;stock;0;units;
city_inventory;Ystad;Nanobauteile C38;scarcity_factor;1.4333;;
city_inventory;Ystad;Nanobauteile C38;market_price;836;Mark;
city_inventory;Ystad;Photonik C39;stock;40;units;
city_inventory;Ystad;Photonik C39;scarcity_factor;1.1000;;
city_inventory;Ystad;Photonik C39;market_price;910;Mark;
city_inventory;Ystad;Quantenkerne C40;stock;120;units;
city_inventory;Ystad;Quantenkerne C40;scarcity_factor;1.0000;;
city_inventory;Ystad;Quantenkerne C40;market_price;834;Mark;
city_inventory;Ystad;Synthtreibstoff C41;stock;160;units;
city_inventory;Ystad;Synthtreibstoff C41;scarcity_factor;1.0000;;
city_inventory;Ystad;Synthtreibstoff C41;market_price;562;Mark;
city_inventory;Ystad;Biofasern C42;stock;37;units;
city_inventory;Ystad;Biofasern C42;scarcity_factor;1.1250;;
city_inventory;Ystad;Biofasern C42;market_price;535;Mark;
city_inventory;Ystad;Nanobauteile C43;stock;20;units;
city_inventory;Ystad;Nanobauteile C43;scarcity_factor;1.2667;;
city_inventory;Ystad;Nanobauteile C43;market_price;1189;Mark;
city_inventory;Ystad;Photonik C44;stock;160;units;
city_inventory;Ystad;Photonik C44;scarcity_factor;1.0000;;
city_inventory;Ystad;Photonik C44;market_price;381;Mark;
city_inventory;Ystad;Quantenkerne C45;stock;20;units;
city_inventory;Ystad;Quantenkerne C45;scarcity_factor;1.2667;;
city_inventory;Ystad;Quantenkerne C45;market_price;700;Mark;
city_inventory;Ystad;Synthtreibstoff C46;stock;110;units;
city_inventory;Ystad;Synthtreibstoff C46;scarcity_factor;1.0750;;
city_inventory;Ystad;Synthtreibstoff C46;market_price;552;Mark;
city_inventory;Ystad;Biofasern C47;stock;0;units;
city_inventory;Ystad;Biofasern C47;scarcity_factor;1.4333;;
city_inventory;Ystad;Biofasern C47;market_price;705;Mark;
city_inventory;Ystad;Nanobauteile C48;stock;0;units;
city_inventory;Ystad;Nanobauteile C48;scarcity_factor;1.4333;;
city_inventory;Ystad;Nanobauteile C48;market_price;720;Mark;
city_inventory;Ystad;Photonik C49;stock;0;units;
city_inventory;Ystad;Photonik C49;scarcity_factor;1.4333;;
city_inventory;Ystad;Photonik C49;market_price;615;Mark;
city_inventory;Ystad;Quantenkerne C50;stock;160;units;
city_inventory;Ystad;Quantenkerne C50;scarcity_factor;1.0000;;
city_inventory;Ystad;Quantenkerne C50;market_price;517;Mark;
city_inventory;Ystad;Synthtreibstoff C51;stock;260;units;
city_inventory;Ystad;Synthtreibstoff C51;scarcity_factor;0.9200;;
city_inventory;Ystad;Synthtreibstoff C51;market_price;816;Mark;
city_inventory;Ystad;Biofasern C52;stock;120;units;
city_inventory;Ystad;Biofasern C52;scarcity_factor;1.0000;;
city_inventory;Ystad;Biofasern C52;market_price;754;Mark;
city_inventory;Ystad;Nanobauteile C53;stock;97;units;
city_inventory;Ystad;Nanobauteile C53;scarcity_factor;1.1075;;
city_inventory;Ystad;Nanobauteile C53;market_price;1362;Mark;
city_inventory;Ystad;Photonik C54;stock;0;units;
city_inventory;Ystad;Photonik C54;scarcity_factor;1.4333;;
city_inventory;Ystad;Photonik C54;market_price;1000;Mark;
city_inventory;Ystad;Quantenkerne C55;stock;160;units;
city_inventory;Ystad;Quantenkerne C55;scarcity_factor;1.0000;;
city_inventory;Ystad;Quantenkerne C55;market_price;1697;Mark;
city_inventory;Ystad;Synthtreibstoff C56;stock;150;units;
city_inventory;Ystad;Synthtreibstoff C56;scarcity_factor;1.0000;;
city_inventory;Ystad;Synthtreibstoff C56;market_price;1131;Mark;
city_inventory;Ystad;Biofasern C57;stock;310;units;
city_inventory;Ystad;Biofasern C57;scarcity_factor;0.8644;;
city_inventory;Ystad;Biofasern C57;market_price;649;Mark;
city_inventory;Ystad;Nanobauteile C58;stock;198;units;
city_inventory;Ystad;Nanobauteile C58;scarcity_factor;1.0000;;
city_inventory;Ystad;Nanobauteile C58;market_price;1009;Mark;
city_inventory;Ystad;Photonik C59;stock;115;units;
city_inventory;Ystad;Photonik C59;scarcity_factor;1.0625;;
city_inventory;Ystad;Photonik C59;market_price;501;Mark;
city_inventory;Ystad;Quantenkerne C60;stock;80;units;
city_inventory;Ystad;Quantenkerne C60;scarcity_factor;1.1500;;
city_inventory;Ystad;Quantenkerne C60;market_price;956;Mark;
city_inventory;Ystad;Synthtreibstoff C61;stock;79;units;
city_inventory;Ystad;Synthtreibstoff C61;scarcity_factor;1.1525;;
city_inventory;Ystad;Synthtreibstoff C61;market_price;666;Mark;
city_inventory;Ystad;Biofasern C62;stock;100;units;
city_inventory;Ystad;Biofasern C62;scarcity_factor;1.1000;;
city_inventory;Ystad;Biofasern C62;market_price;557;Mark;
building;Ystad;1;id;brewery;;
building;Ystad;1;name;Brauerei;;
building;Ystad;1;level;1;;
building;Ystad;1;active;1;;
building;Ystad;1;can_run_now;0;;
building;Ystad;1;inputs;"{""Getreide"": 4, ""Holz"": 1}";;
building;Ystad;1;outputs;"{""Bier"": 6}";;
building;Ystad;2;id;fishery;;
building;Ystad;2;name;Fischerei;;
building;Ystad;2;level;2;;
building;Ystad;2;active;1;;
building;Ystad;2;can_run_now;1;;
building;Ystad;2;inputs;{};;
building;Ystad;2;outputs;"{""Hering"": 4}";;
building;Ystad;3;id;grain_farm;;
building;Ystad;3;name;Getreidehof;;
building;Ystad;3;level;1;;
building;Ystad;3;active;1;;
building;Ystad;3;can_run_now;1;;
building;Ystad;3;inputs;{};;
building;Ystad;3;outputs;"{""Getreide"": 5}";;
building;Ystad;4;id;salt_mine;;
building;Ystad;4;name;Salzmine;;
building;Ystad;4;level;1;;
building;Ystad;4;active;1;;
building;Ystad;4;can_run_now;1;;
building;Ystad;4;inputs;{};;
building;Ystad;4;outputs;"{""Salz"": 5}";;
building;Ystad;5;id;tannery;;
building;Ystad;5;name;Gerberei;;
building;Ystad;5;level;1;;
building;Ystad;5;active;1;;
building;Ystad;5;can_run_now;1;;
building;Ystad;5;inputs;"{""Salz"": 1}";;
building;Ystad;5;outputs;"{""Pelze"": 2}";;
building;Ystad;6;id;weavery;;
building;Ystad;6;name;Weberei;;
building;Ystad;6;level;1;;
building;Ystad;6;active;1;;
building;Ystad;6;can_run_now;1;;
building;Ystad;6;inputs;"{""Holz"": 2}";;
building;Ystad;6;outputs;"{""Tuch"": 3}";;
building;Ystad;7;id;winery;;
building;Ystad;7;name;Weinkellerei;;
building;Ystad;7;level;1;;
building;Ystad;7;active;1;;
building;Ystad;7;can_run_now;1;;
building;Ystad;7;inputs;"{""Getreide"": 3}";;
building;Ystad;7;outputs;"{""Wein"": 3}";;
building;Ystad;8;id;woodcutter;;
building;Ystad;8;name;Holzfaeller;;
building;Ystad;8;level;1;;
building;Ystad;8;active;1;;
building;Ystad;8;can_run_now;1;;
building;Ystad;8;inputs;{};;
building;Ystad;8;outputs;"{""Holz"": 6}";;
building;Ystad;9;id;grand_brewery;;
building;Ystad;9;name;Grossbrauerei;;
building;Ystad;9;level;1;;
building;Ystad;9;active;1;;
building;Ystad;9;can_run_now;0;;
building;Ystad;9;inputs;"{""Getreide"": 4, ""Hopfen"": 2, ""Holz"": 1}";;
building;Ystad;9;outputs;"{""Bier"": 10}";;
building;Ystad;10;id;hop_farm;;
building;Ystad;10;name;Hopfenplantage;;
building;Ystad;10;level;1;;
building;Ystad;10;active;1;;
building;Ystad;10;can_run_now;1;;
building;Ystad;10;inputs;{};;
building;Ystad;10;outputs;"{""Hopfen"": 5}";;
building;Ystad;11;id;tar_kiln;;
building;Ystad;11;name;Teerbrennerei;;
building;Ystad;11;level;1;;
building;Ystad;11;active;1;;
building;Ystad;11;can_run_now;1;;
building;Ystad;11;inputs;"{""Holz"": 3}";;
building;Ystad;11;outputs;"{""Teer"": 4}";;
building;Ystad;12;id;copper_mine;;
building;Ystad;12;name;Kupfermine;;
building;Ystad;12;level;1;;
building;Ystad;12;active;1;;
building;Ystad;12;can_run_now;1;;
building;Ystad;12;inputs;{};;
building;Ystad;12;outputs;"{""Kupfer"": 4}";;
building;Ystad;13;id;spice_refinery;;
building;Ystad;13;name;Gewuerzraffinerie;;
building;Ystad;13;level;1;;
building;Ystad;13;active;1;;
building;Ystad;13;can_run_now;1;;
building;Ystad;13;inputs;"{""Gewuerze"": 4}";;
building;Ystad;13;outputs;"{""Luxuswaren"": 6}";;
building;Ystad;14;id;spice_trade;;
building;Ystad;14;name;Gewuerzhandel;;
building;Ystad;14;level;2;;
building;Ystad;14;active;1;;
building;Ystad;14;can_run_now;1;;
building;Ystad;14;inputs;{};;
building;Ystad;14;outputs;"{""Gewuerze"": 4}";;
building;Ystad;15;id;sugar_farm;;
building;Ystad;15;name;Zuckerplantage;;
building;Ystad;15;level;1;;
building;Ystad;15;active;1;;
building;Ystad;15;can_run_now;1;;
building;Ystad;15;inputs;{};;
building;Ystad;15;outputs;"{""Zucker"": 5}";;
building;Ystad;16;id;sugar_refinery;;
building;Ystad;16;name;Zuckerraffinerie;;
building;Ystad;16;level;2;;
building;Ystad;16;active;1;;
building;Ystad;16;can_run_now;0;;
building;Ystad;16;inputs;"{""Zucker"": 5}";;
building;Ystad;16;outputs;"{""Luxuswaren"": 6}";;
building;Ystad;17;id;tobacco_farm;;
building;Ystad;17;name;Tabakplantage;;
building;Ystad;17;level;1;;
building;Ystad;17;active;1;;
building;Ystad;17;can_run_now;1;;
building;Ystad;17;inputs;{};;
building;Ystad;17;outputs;"{""Tabak"": 5}";;
building;Ystad;18;id;coffee_farm;;
building;Ystad;18;name;Kaffeeplantage;;
building;Ystad;18;level;1;;
building;Ystad;18;active;1;;
building;Ystad;18;can_run_now;1;;
building;Ystad;18;inputs;{};;
building;Ystad;18;outputs;"{""Kaffee"": 5}";;
building;Ystad;19;id;cotton_farm;;
building;Ystad;19;name;Baumwollfarm;;
building;Ystad;19;level;1;;
building;Ystad;19;active;1;;
building;Ystad;19;can_run_now;1;;
building;Ystad;19;inputs;{};;
building;Ystad;19;outputs;"{""Baumwolle"": 5}";;
building;Ystad;20;id;textile_factory;;
building;Ystad;20;name;Textilmanufaktur;;
building;Ystad;20;level;1;;
building;Ystad;20;active;1;;
building;Ystad;20;can_run_now;1;;
building;Ystad;20;inputs;"{""Baumwolle"": 5}";;
building;Ystad;20;outputs;"{""Tuch"": 7}";;
building;Ystad;21;id;coal_mine;;
building;Ystad;21;name;Kohlemine;;
building;Ystad;21;level;1;;
building;Ystad;21;active;1;;
building;Ystad;21;can_run_now;1;;
building;Ystad;21;inputs;{};;
building;Ystad;21;outputs;"{""Kohle"": 6}";;
building;Ystad;22;id;refinery;;
building;Ystad;22;name;Raffinerie;;
building;Ystad;22;level;1;;
building;Ystad;22;active;1;;
building;Ystad;22;can_run_now;0;;
building;Ystad;22;inputs;"{""Kohle"": 5}";;
building;Ystad;22;outputs;"{""Treibstoff"": 6}";;
building;Ystad;23;id;steel_mill;;
building;Ystad;23;name;Stahlwerk;;
building;Ystad;23;level;1;;
building;Ystad;23;active;1;;
building;Ystad;23;can_run_now;0;;
building;Ystad;23;inputs;"{""Kohle"": 4, ""Kupfer"": 2}";;
building;Ystad;23;outputs;"{""Stahl"": 5}";;
building;Ystad;24;id;electronics_factory;;
building;Ystad;24;name;Elektronikfabrik;;
building;Ystad;24;level;1;;
building;Ystad;24;active;1;;
building;Ystad;24;can_run_now;0;;
building;Ystad;24;inputs;"{""Stahl"": 3, ""Kupfer"": 2}";;
building;Ystad;24;outputs;"{""Elektronik"": 5}";;
building;Ystad;25;id;chip_factory;;
building;Ystad;25;name;Chipfabrik;;
building;Ystad;25;level;1;;
building;Ystad;25;active;1;;
building;Ystad;25;can_run_now;1;;
building;Ystad;25;inputs;"{""Seltene Erden"": 3}";;
building;Ystad;25;outputs;"{""Mikrochips"": 5}";;
building;Ystad;26;id;rare_earth_mine;;
building;Ystad;26;name;Seltene Erden Mine;;
building;Ystad;26;level;1;;
building;Ystad;26;active;1;;
building;Ystad;26;can_run_now;1;;
building;Ystad;26;inputs;{};;
building;Ystad;26;outputs;"{""Seltene Erden"": 4}";;
city;Visby;;treasury;237762;Mark;
city;Visby;;bankrupt;0;;
city;Visby;;building_count;26;count;
city_inventory;Visby;Salz;stock;174084;units;
city_inventory;Visby;Salz;scarcity_factor;0.7800;;
city_inventory;Visby;Salz;market_price;48;Mark;
city_inventory;Visby;Holz;stock;33777;units;
city_inventory;Visby;Holz;scarcity_factor;0.7800;;
city_inventory;Visby;Holz;market_price;20;Mark;
city_inventory;Visby;Pelze;stock;100796;units;
city_inventory;Visby;Pelze;scarcity_factor;0.7800;;
city_inventory;Visby;Pelze;market_price;94;Mark;
city_inventory;Visby;Getreide;stock;3;units;
city_inventory;Visby;Getreide;scarcity_factor;1.4083;;
city_inventory;Visby;Getreide;market_price;53;Mark;
city_inventory;Visby;Tuch;stock;535735;units;
city_inventory;Visby;Tuch;scarcity_factor;0.7800;;
city_inventory;Visby;Tuch;market_price;43;Mark;
city_inventory;Visby;Hering;stock;171126;units;
city_inventory;Visby;Hering;scarcity_factor;0.7800;;
city_inventory;Visby;Hering;market_price;20;Mark;
city_inventory;Visby;Wein;stock;120001;units;
city_inventory;Visby;Wein;scarcity_factor;0.7800;;
city_inventory;Visby;Wein;market_price;74;Mark;
city_inventory;Visby;Bier;stock;188512;units;
city_inventory;Visby;Bier;scarcity_factor;0.7800;;
city_inventory;Visby;Bier;market_price;37;Mark;
city_inventory;Visby;Hopfen;stock;503464;units;
city_inventory;Visby;Hopfen;scarcity_factor;0.7800;;
city_inventory;Visby;Hopfen;market_price;42;Mark;
city_inventory;Visby;Teer;stock;213274;units;
city_inventory;Visby;Teer;scarcity_factor;0.7800;;
city_inventory;Visby;Teer;market_price;76;Mark;
city_inventory;Visby;Gewuerze;stock;6;units;
city_inventory;Visby;Gewuerze;scarcity_factor;1.3833;;
city_inventory;Visby;Gewuerze;market_price;158;Mark;
city_inventory;Visby;Kupfer;stock;247427;units;
city_inventory;Visby;Kupfer;scarcity_factor;0.7800;;
city_inventory;Visby;Kupfer;market_price;115;Mark;
city_inventory;Visby;Luxuswaren;stock;815744;units;
city_inventory;Visby;Luxuswaren;scarcity_factor;0.7800;;
city_inventory;Visby;Luxuswaren;market_price;185;Mark;
city_inventory;Visby;Tabak;stock;525093;units;
city_inventory;Visby;Tabak;scarcity_factor;0.7800;;
city_inventory;Visby;Tabak;market_price;78;Mark;
city_inventory;Visby;Zucker;stock;110;units;
city_inventory;Visby;Zucker;scarcity_factor;1.0750;;
city_inventory;Visby;Zucker;market_price;163;Mark;
city_inventory;Visby;Kaffee;stock;208070;units;
city_inventory;Visby;Kaffee;scarcity_factor;0.7800;;
city_inventory;Visby;Kaffee;market_price;105;Mark;
city_inventory;Visby;Baumwolle;stock;206;units;
city_inventory;Visby;Baumwolle;scarcity_factor;1.0000;;
city_inventory;Visby;Baumwolle;market_price;103;Mark;
city_inventory;Visby;Kohle;stock;1;units;
city_inventory;Visby;Kohle;scarcity_factor;1.4250;;
city_inventory;Visby;Kohle;market_price;140;Mark;
city_inventory;Visby;Stahl;stock;1;units;
city_inventory;Visby;Stahl;scarcity_factor;1.4250;;
city_inventory;Visby;Stahl;market_price;233;Mark;
city_inventory;Visby;Elektronik;stock;173999;units;
city_inventory;Visby;Elektronik;scarcity_factor;0.7800;;
city_inventory;Visby;Elektronik;market_price;206;Mark;
city_inventory;Visby;Treibstoff;stock;270635;units;
city_inventory;Visby;Treibstoff;scarcity_factor;0.7800;;
city_inventory;Visby;Treibstoff;market_price;128;Mark;
city_inventory;Visby;Seltene Erden;stock;32400;units;
city_inventory;Visby;Seltene Erden;scarcity_factor;0.7800;;
city_inventory;Visby;Seltene Erden;market_price;134;Mark;
city_inventory;Visby;Mikrochips;stock;429956;units;
city_inventory;Visby;Mikrochips;scarcity_factor;0.7800;;
city_inventory;Visby;Mikrochips;market_price;210;Mark;
city_inventory;Visby;Biofasern C22;stock;80;units;
city_inventory;Visby;Biofasern C22;scarcity_factor;1.1500;;
city_inventory;Visby;Biofasern C22;market_price;156;Mark;
city_inventory;Visby;Nanobauteile C23;stock;0;units;
city_inventory;Visby;Nanobauteile C23;scarcity_factor;1.4333;;
city_inventory;Visby;Nanobauteile C23;market_price;538;Mark;
city_inventory;Visby;Photonik C24;stock;40;units;
city_inventory;Visby;Photonik C24;scarcity_factor;1.1000;;
city_inventory;Visby;Photonik C24;market_price;300;Mark;
city_inventory;Visby;Quantenkerne C25;stock;0;units;
city_inventory;Visby;Quantenkerne C25;scarcity_factor;1.4333;;
city_inventory;Visby;Quantenkerne C25;market_price;694;Mark;
city_inventory;Visby;Synthtreibstoff C26;stock;0;units;
city_inventory;Visby;Synthtreibstoff C26;scarcity_factor;1.4333;;
city_inventory;Visby;Synthtreibstoff C26;market_price;452;Mark;
city_inventory;Visby;Biofasern C27;stock;300;units;
city_inventory;Visby;Biofasern C27;scarcity_factor;0.8756;;
city_inventory;Visby;Biofasern C27;market_price;229;Mark;
city_inventory;Visby;Nanobauteile C28;stock;0;units;
city_inventory;Visby;Nanobauteile C28;scarcity_factor;1.4333;;
city_inventory;Visby;Nanobauteile C28;market_price;670;Mark;
city_inventory;Visby;Photonik C29;stock;0;units;
city_inventory;Visby;Photonik C29;scarcity_factor;1.4333;;
city_inventory;Visby;Photonik C29;market_price;807;Mark;
city_inventory;Visby;Quantenkerne C30;stock;0;units;
city_inventory;Visby;Quantenkerne C30;scarcity_factor;1.4333;;
city_inventory;Visby;Quantenkerne C30;market_price;856;Mark;
city_inventory;Visby;Synthtreibstoff C31;stock;80;units;
city_inventory;Visby;Synthtreibstoff C31;scarcity_factor;1.1500;;
city_inventory;Visby;Synthtreibstoff C31;market_price;485;Mark;
city_inventory;Visby;Biofasern C32;stock;0;units;
city_inventory;Visby;Biofasern C32;scarcity_factor;1.4333;;
city_inventory;Visby;Biofasern C32;market_price;432;Mark;
city_inventory;Visby;Nanobauteile C33;stock;60;units;
city_inventory;Visby;Nanobauteile C33;scarcity_factor;1.2000;;
city_inventory;Visby;Nanobauteile C33;market_price;688;Mark;
city_inventory;Visby;Photonik C34;stock;80;units;
city_inventory;Visby;Photonik C34;scarcity_factor;1.1500;;
city_inventory;Visby;Photonik C34;market_price;699;Mark;
city_inventory;Visby;Quantenkerne C35;stock;20;units;
city_inventory;Visby;Quantenkerne C35;scarcity_factor;1.2667;;
city_inventory;Visby;Quantenkerne C35;market_price;1357;Mark;
city_inventory;Visby;Synthtreibstoff C36;stock;0;units;
city_inventory;Visby;Synthtreibstoff C36;scarcity_factor;1.4333;;
city_inventory;Visby;Synthtreibstoff C36;market_price;937;Mark;
city_inventory;Visby;Biofasern C37;stock;0;units;
city_inventory;Visby;Biofasern C37;scarcity_factor;1.4333;;
city_inventory;Visby;Biofasern C37;market_price;448;Mark;
city_inventory;Visby;Nanobauteile C38;stock;0;units;
city_inventory;Visby;Nanobauteile C38;scarcity_factor;1.4333;;
city_inventory;Visby;Nanobauteile C38;market_price;640;Mark;
city_inventory;Visby;Photonik C39;stock;0;units;
city_inventory;Visby;Photonik C39;scarcity_factor;1.4333;;
city_inventory;Visby;Photonik C39;market_price;1298;Mark;
city_inventory;Visby;Quantenkerne C40;stock;0;units;
city_inventory;Visby;Quantenkerne C40;scarcity_factor;1.4333;;
city_inventory;Visby;Quantenkerne C40;market_price;898;Mark;
city_inventory;Visby;Synthtreibstoff C41;stock;250;units;
city_inventory;Visby;Synthtreibstoff C41;scarcity_factor;0.9400;;
city_inventory;Visby;Synthtreibstoff C41;market_price;699;Mark;
city_inventory;Visby;Biofasern C42;stock;0;units;
city_inventory;Visby;Biofasern C42;scarcity_factor;1.4333;;
city_inventory;Visby;Biofasern C42;market_price;1060;Mark;
city_inventory;Visby;Nanobauteile C43;stock;20;units;
city_inventory;Visby;Nanobauteile C43;scarcity_factor;1.2667;;
city_inventory;Visby;Nanobauteile C43;market_price;653;Mark;
city_inventory;Visby;Photonik C44;stock;20;units;
city_inventory;Visby;Photonik C44;scarcity_factor;1.2667;;
city_inventory;Visby;Photonik C44;market_price;870;Mark;
city_inventory;Visby;Quantenkerne C45;stock;120;units;
city_inventory;Visby;Quantenkerne C45;scarcity_factor;1.0000;;
city_inventory;Visby;Quantenkerne C45;market_price;1098;Mark;
city_inventory;Visby;Synthtreibstoff C46;stock;80;units;
city_inventory;Visby;Synthtreibstoff C46;scarcity_factor;1.1500;;
city_inventory;Visby;Synthtreibstoff C46;market_price;961;Mark;
city_inventory;Visby;Biofasern C47;stock;110;units;
city_inventory;Visby;Biofasern C47;scarcity_factor;1.0750;;
city_inventory;Visby;Biofasern C47;market_price;1027;Mark;
city_inventory;Visby;Nanobauteile C48;stock;0;units;
city_inventory;Visby;Nanobauteile C48;scarcity_factor;1.4333;;
city_inventory;Visby;Nanobauteile C48;market_price;2175;Mark;
city_inventory;Visby;Photonik C49;stock;100;units;
city_inventory;Visby;Photonik C49;scarcity_factor;1.1000;;
city_inventory;Visby;Photonik C49;market_price;1128;Mark;
city_inventory;Visby;Quantenkerne C50;stock;20;units;
city_inventory;Visby;Quantenkerne C50;scarcity_factor;1.2667;;
city_inventory;Visby;Quantenkerne C50;market_price;875;Mark;
city_inventory;Visby;Synthtreibstoff C51;stock;140;units;
city_inventory;Visby;Synthtreibstoff C51;scarcity_factor;1.0000;;
city_inventory;Visby;Synthtreibstoff C51;market_price;962;Mark;
city_inventory;Visby;Biofasern C52;stock;130;units;
city_inventory;Visby;Biofasern C52;scarcity_factor;1.0000;;
city_inventory;Visby;Biofasern C52;market_price;829;Mark;
city_inventory;Visby;Nanobauteile C53;stock;0;units;
city_inventory;Visby;Nanobauteile C53;scarcity_factor;1.4333;;
city_inventory;Visby;Nanobauteile C53;market_price;920;Mark;
city_inventory;Visby;Photonik C54;stock;20;units;
city_inventory;Visby;Photonik C54;scarcity_factor;1.2667;;
city_inventory;Visby;Photonik C54;market_price;1625;Mark;
city_inventory;Visby;Quantenkerne C55;stock;80;units;
city_inventory;Visby;Quantenkerne C55;scarcity_factor;1.1500;;
city_inventory;Visby;Quantenkerne C55;market_price;1563;Mark;
city_inventory;Visby;Synthtreibstoff C56;stock;100;units;
city_inventory;Visby;Synthtreibstoff C56;scarcity_factor;1.1000;;
city_inventory;Visby;Synthtreibstoff C56;market_price;1120;Mark;
city_inventory;Visby;Biofasern C57;stock;110;units;
city_inventory;Visby;Biofasern C57;scarcity_factor;1.0750;;
city_inventory;Visby;Biofasern C57;market_price;1462;Mark;
city_inventory;Visby;Nanobauteile C58;stock;20;units;
city_inventory;Visby;Nanobauteile C58;scarcity_factor;1.2667;;
city_inventory;Visby;Nanobauteile C58;market_price;1792;Mark;
city_inventory;Visby;Photonik C59;stock;0;units;
city_inventory;Visby;Photonik C59;scarcity_factor;1.4333;;
city_inventory;Visby;Photonik C59;market_price;1047;Mark;
city_inventory;Visby;Quantenkerne C60;stock;120;units;
city_inventory;Visby;Quantenkerne C60;scarcity_factor;1.0000;;
city_inventory;Visby;Quantenkerne C60;market_price;2188;Mark;
city_inventory;Visby;Synthtreibstoff C61;stock;80;units;
city_inventory;Visby;Synthtreibstoff C61;scarcity_factor;1.1500;;
city_inventory;Visby;Synthtreibstoff C61;market_price;640;Mark;
city_inventory;Visby;Biofasern C62;stock;60;units;
city_inventory;Visby;Biofasern C62;scarcity_factor;1.2000;;
city_inventory;Visby;Biofasern C62;market_price;953;Mark;
building;Visby;1;id;brewery;;
building;Visby;1;name;Brauerei;;
building;Visby;1;level;1;;
building;Visby;1;active;1;;
building;Visby;1;can_run_now;0;;
building;Visby;1;inputs;"{""Getreide"": 4, ""Holz"": 1}";;
building;Visby;1;outputs;"{""Bier"": 6}";;
building;Visby;2;id;fishery;;
building;Visby;2;name;Fischerei;;
building;Visby;2;level;1;;
building;Visby;2;active;1;;
building;Visby;2;can_run_now;1;;
building;Visby;2;inputs;{};;
building;Visby;2;outputs;"{""Hering"": 4}";;
building;Visby;3;id;grain_farm;;
building;Visby;3;name;Getreidehof;;
building;Visby;3;level;1;;
building;Visby;3;active;1;;
building;Visby;3;can_run_now;1;;
building;Visby;3;inputs;{};;
building;Visby;3;outputs;"{""Getreide"": 5}";;
building;Visby;4;id;salt_mine;;
building;Visby;4;name;Salzmine;;
building;Visby;4;level;1;;
building;Visby;4;active;1;;
building;Visby;4;can_run_now;1;;
building;Visby;4;inputs;{};;
building;Visby;4;outputs;"{""Salz"": 5}";;
building;Visby;5;id;tannery;;
building;Visby;5;name;Gerberei;;
building;Visby;5;level;1;;
building;Visby;5;active;1;;
building;Visby;5;can_run_now;1;;
building;Visby;5;inputs;"{""Salz"": 1}";;
building;Visby;5;outputs;"{""Pelze"": 2}";;
building;Visby;6;id;weavery;;
building;Visby;6;name;Weberei;;
building;Visby;6;level;1;;
building;Visby;6;active;1;;
building;Visby;6;can_run_now;1;;
building;Visby;6;inputs;"{""Holz"": 2}";;
building;Visby;6;outputs;"{""Tuch"": 3}";;
building;Visby;7;id;winery;;
building;Visby;7;name;Weinkellerei;;
building;Visby;7;level;1;;
building;Visby;7;active;1;;
building;Visby;7;can_run_now;1;;
building;Visby;7;inputs;"{""Getreide"": 3}";;
building;Visby;7;outputs;"{""Wein"": 3}";;
building;Visby;8;id;woodcutter;;
building;Visby;8;name;Holzfaeller;;
building;Visby;8;level;1;;
building;Visby;8;active;1;;
building;Visby;8;can_run_now;1;;
building;Visby;8;inputs;{};;
building;Visby;8;outputs;"{""Holz"": 6}";;
building;Visby;9;id;grand_brewery;;
building;Visby;9;name;Grossbrauerei;;
building;Visby;9;level;1;;
building;Visby;9;active;1;;
building;Visby;9;can_run_now;0;;
building;Visby;9;inputs;"{""Getreide"": 4, ""Hopfen"": 2, ""Holz"": 1}";;
building;Visby;9;outputs;"{""Bier"": 10}";;
building;Visby;10;id;hop_farm;;
building;Visby;10;name;Hopfenplantage;;
building;Visby;10;level;2;;
building;Visby;10;active;1;;
building;Visby;10;can_run_now;1;;
building;Visby;10;inputs;{};;
building;Visby;10;outputs;"{""Hopfen"": 5}";;
building;Visby;11;id;tar_kiln;;
building;Visby;11;name;Teerbrennerei;;
building;Visby;11;level;1;;
building;Visby;11;active;1;;
building;Visby;11;can_run_now;1;;
building;Visby;11;inputs;"{""Holz"": 3}";;
building;Visby;11;outputs;"{""Teer"": 4}";;
building;Visby;12;id;copper_mine;;
building;Visby;12;name;Kupfermine;;
building;Visby;12;level;1;;
building;Visby;12;active;1;;
building;Visby;12;can_run_now;1;;
building;Visby;12;inputs;{};;
building;Visby;12;outputs;"{""Kupfer"": 4}";;
building;Visby;13;id;spice_refinery;;
building;Visby;13;name;Gewuerzraffinerie;;
building;Visby;13;level;2;;
building;Visby;13;active;1;;
building;Visby;13;can_run_now;0;;
building;Visby;13;inputs;"{""Gewuerze"": 4}";;
building;Visby;13;outputs;"{""Luxuswaren"": 6}";;
building;Visby;14;id;spice_trade;;
building;Visby;14;name;Gewuerzhandel;;
building;Visby;14;level;1;;
building;Visby;14;active;1;;
building;Visby;14;can_run_now;1;;
building;Visby;14;inputs;{};;
building;Visby;14;outputs;"{""Gewuerze"": 4}";;
building;Visby;15;id;sugar_farm;;
building;Visby;15;name;Zuckerplantage;;
building;Visby;15;level;1;;
building;Visby;15;active;1;;
building;Visby;15;can_run_now;1;;
building;Visby;15;inputs;{};;
building;Visby;15;outputs;"{""Zucker"": 5}";;
building;Visby;16;id;sugar_refinery;;
building;Visby;16;name;Zuckerraffinerie;;
building;Visby;16;level;1;;
building;Visby;16;active;1;;
building;Visby;16;can_run_now;1;;
building;Visby;16;inputs;"{""Zucker"": 5}";;
building;Visby;16;outputs;"{""Luxuswaren"": 6}";;
building;Visby;17;id;tobacco_farm;;
building;Visby;17;name;Tabakplantage;;
building;Visby;17;level;2;;
building;Visby;17;active;1;;
building;Visby;17;can_run_now;1;;
building;Visby;17;inputs;{};;
building;Visby;17;outputs;"{""Tabak"": 5}";;
building;Visby;18;id;coffee_farm;;
building;Visby;18;name;Kaffeeplantage;;
building;Visby;18;level;1;;
building;Visby;18;active;1;;
building;Visby;18;can_run_now;1;;
building;Visby;18;inputs;{};;
building;Visby;18;outputs;"{""Kaffee"": 5}";;
building;Visby;19;id;cotton_farm;;
building;Visby;19;name;Baumwollfarm;;
building;Visby;19;level;1;;
building;Visby;19;active;1;;
building;Visby;19;can_run_now;1;;
building;Visby;19;inputs;{};;
building;Visby;19;outputs;"{""Baumwolle"": 5}";;
building;Visby;20;id;textile_factory;;
building;Visby;20;name;Textilmanufaktur;;
building;Visby;20;level;1;;
building;Visby;20;active;1;;
building;Visby;20;can_run_now;1;;
building;Visby;20;inputs;"{""Baumwolle"": 5}";;
building;Visby;20;outputs;"{""Tuch"": 7}";;
building;Visby;21;id;coal_mine;;
building;Visby;21;name;Kohlemine;;
building;Visby;21;level;1;;
building;Visby;21;active;1;;
building;Visby;21;can_run_now;1;;
building;Visby;21;inputs;{};;
building;Visby;21;outputs;"{""Kohle"": 6}";;
building;Visby;22;id;refinery;;
building;Visby;22;name;Raffinerie;;
building;Visby;22;level;1;;
building;Visby;22;active;1;;
building;Visby;22;can_run_now;0;;
building;Visby;22;inputs;"{""Kohle"": 5}";;
building;Visby;22;outputs;"{""Treibstoff"": 6}";;
building;Visby;23;id;steel_mill;;
building;Visby;23;name;Stahlwerk;;
building;Visby;23;level;1;;
building;Visby;23;active;1;;
building;Visby;23;can_run_now;0;;
building;Visby;23;inputs;"{""Kohle"": 4, ""Kupfer"": 2}";;
building;Visby;23;outputs;"{""Stahl"": 5}";;
building;Visby;24;id;electronics_factory;;
building;Visby;24;name;Elektronikfabrik;;
building;Visby;24;level;1;;
building;Visby;24;active;1;;
building;Visby;24;can_run_now;0;;
building;Visby;24;inputs;"{""Stahl"": 3, ""Kupfer"": 2}";;
building;Visby;24;outputs;"{""Elektronik"": 5}";;
building;Visby;25;id;chip_factory;;
building;Visby;25;name;Chipfabrik;;
building;Visby;25;level;1;;
building;Visby;25;active;1;;
building;Visby;25;can_run_now;1;;
building;Visby;25;inputs;"{""Seltene Erden"": 3}";;
building;Visby;25;outputs;"{""Mikrochips"": 5}";;
building;Visby;26;id;rare_earth_mine;;
building;Visby;26;name;Seltene Erden Mine;;
building;Visby;26;level;1;;
building;Visby;26;active;1;;
building;Visby;26;can_run_now;1;;
building;Visby;26;inputs;{};;
building;Visby;26;outputs;"{""Seltene Erden"": 4}";;
city;Riga;;treasury;-590;Mark;
city;Riga;;bankrupt;1;;
city;Riga;;building_count;26;count;
city_inventory;Riga;Salz;stock;426307;units;
city_inventory;Riga;Salz;scarcity_factor;0.7800;;
city_inventory;Riga;Salz;market_price;53;Mark;
city_inventory;Riga;Holz;stock;17927;units;
city_inventory;Riga;Holz;scarcity_factor;0.7800;;
city_inventory;Riga;Holz;market_price;19;Mark;
city_inventory;Riga;Pelze;stock;81592;units;
city_inventory;Riga;Pelze;scarcity_factor;0.7800;;
city_inventory;Riga;Pelze;market_price;73;Mark;
city_inventory;Riga;Getreide;stock;2;units;
city_inventory;Riga;Getreide;scarcity_factor;1.4167;;
city_inventory;Riga;Getreide;market_price;49;Mark;
city_inventory;Riga;Tuch;stock;511187;units;
city_inventory;Riga;Tuch;scarcity_factor;0.7800;;
city_inventory;Riga;Tuch;market_price;68;Mark;
city_inventory;Riga;Hering;stock;147672;units;
city_inventory;Riga;Hering;scarcity_factor;0.7800;;
city_inventory;Riga;Hering;market_price;26;Mark;
city_inventory;Riga;Wein;stock;167726;units;
city_inventory;Riga;Wein;scarcity_factor;0.7800;;
city_inventory;Riga;Wein;market_price;90;Mark;
city_inventory;Riga;Bier;stock;173898;units;
city_inventory;Riga;Bier;scarcity_factor;0.7800;;
city_inventory;Riga;Bier;market_price;29;Mark;
city_inventory;Riga;Hopfen;stock;215046;units;
city_inventory;Riga;Hopfen;scarcity_factor;0.7800;;
city_inventory;Riga;Hopfen;market_price;66;Mark;
city_inventory;Riga;Teer;stock;263592;units;
city_inventory;Riga;Teer;scarcity_factor;0.7800;;
city_inventory;Riga;Teer;market_price;97;Mark;
city_inventory;Riga;Gewuerze;stock;4;units;
city_inventory;Riga;Gewuerze;scarcity_factor;1.4000;;
city_inventory;Riga;Gewuerze;market_price;254;Mark;
city_inventory;Riga;Kupfer;stock;391764;units;
city_inventory;Riga;Kupfer;scarcity_factor;0.7800;;
city_inventory;Riga;Kupfer;market_price;136;Mark;
city_inventory;Riga;Luxuswaren;stock;802977;units;
city_inventory;Riga;Luxuswaren;scarcity_factor;0.7800;;
city_inventory;Riga;Luxuswaren;market_price;192;Mark;
city_inventory;Riga;Tabak;stock;218445;units;
city_inventory;Riga;Tabak;scarcity_factor;0.7800;;
city_inventory;Riga;Tabak;market_price;75;Mark;
city_inventory;Riga;Zucker;stock;15805;units;
city_inventory;Riga;Zucker;scarcity_factor;0.7800;;
city_inventory;Riga;Zucker;market_price;112;Mark;
city_inventory;Riga;Kaffee;stock;265122;units;
city_inventory;Riga;Kaffee;scarcity_factor;0.7800;;
city_inventory;Riga;Kaffee;market_price;137;Mark;
city_inventory;Riga;Baumwolle;stock;17945;units;
city_inventory;Riga;Baumwolle;scarcity_factor;0.7800;;
city_inventory;Riga;Baumwolle;market_price;135;Mark;
city_inventory;Riga;Kohle;stock;3;units;
city_inventory;Riga;Kohle;scarcity_factor;1.4083;;
city_inventory;Riga;Kohle;market_price;146;Mark;
city_inventory;Riga;Stahl;stock;3;units;
city_inventory;Riga;Stahl;scarcity_factor;1.4083;;
city_inventory;Riga;Stahl;market_price;199;Mark;
city_inventory;Riga;Elektronik;stock;165192;units;
city_inventory;Riga;Elektronik;scarcity_factor;0.7800;;
city_inventory;Riga;Elektronik;market_price;220;Mark;
city_inventory;Riga;Treibstoff;stock;251361;units;
city_inventory;Riga;Treibstoff;scarcity_factor;0.7800;;
city_inventory;Riga;Treibstoff;market_price;174;Mark;
city_inventory;Riga;Seltene Erden;stock;147953;units;
city_inventory;Riga;Seltene Erden;scarcity_factor;0.7800;;
city_inventory;Riga;Seltene Erden;market_price;211;Mark;
city_inventory;Riga;Mikrochips;stock;125480;units;
city_inventory;Riga;Mikrochips;scarcity_factor;0.7800;;
city_inventory;Riga;Mikrochips;market_price;155;Mark;
city_inventory;Riga;Biofasern C22;stock;0;units;
city_inventory;Riga;Biofasern C22;scarcity_factor;1.4333;;
city_inventory;Riga;Biofasern C22;market_price;285;Mark;
city_inventory;Riga;Nanobauteile C23;stock;0;units;
city_inventory;Riga;Nanobauteile C23;scarcity_factor;1.4333;;
city_inventory;Riga;Nanobauteile C23;market_price;414;Mark;
city_inventory;Riga;Photonik C24;stock;104;units;
city_inventory;Riga;Photonik C24;scarcity_factor;1.0900;;
city_inventory;Riga;Photonik C24;market_price;419;Mark;
city_inventory;Riga;Quantenkerne C25;stock;86;units;
city_inventory;Riga;Quantenkerne C25;scarcity_factor;1.1350;;
city_inventory;Riga;Quantenkerne C25;market_price;431;Mark;
city_inventory;Riga;Synthtreibstoff C26;stock;160;units;
city_inventory;Riga;Synthtreibstoff C26;scarcity_factor;1.0000;;
city_inventory;Riga;Synthtreibstoff C26;market_price;359;Mark;
city_inventory;Riga;Biofasern C27;stock;0;units;
city_inventory;Riga;Biofasern C27;scarcity_factor;1.4333;;
city_inventory;Riga;Biofasern C27;market_price;395;Mark;
city_inventory;Riga;Nanobauteile C28;stock;151;units;
city_inventory;Riga;Nanobauteile C28;scarcity_factor;1.0000;;
city_inventory;Riga;Nanobauteile C28;market_price;448;Mark;
city_inventory;Riga;Photonik C29;stock;180;units;
city_inventory;Riga;Photonik C29;scarcity_factor;1.0000;;
city_inventory;Riga;Photonik C29;market_price;579;Mark;
city_inventory;Riga;Quantenkerne C30;stock;225;units;
city_inventory;Riga;Quantenkerne C30;scarcity_factor;0.9900;;
city_inventory;Riga;Quantenkerne C30;market_price;723;Mark;
city_inventory;Riga;Synthtreibstoff C31;stock;30;units;
city_inventory;Riga;Synthtreibstoff C31;scarcity_factor;1.1833;;
city_inventory;Riga;Synthtreibstoff C31;market_price;727;Mark;
city_inventory;Riga;Biofasern C32;stock;249;units;
city_inventory;Riga;Biofasern C32;scarcity_factor;0.9420;;
city_inventory;Riga;Biofasern C32;market_price;288;Mark;
city_inventory;Riga;Nanobauteile C33;stock;0;units;
city_inventory;Riga;Nanobauteile C33;scarcity_factor;1.4333;;
city_inventory;Riga;Nanobauteile C33;market_price;775;Mark;
city_inventory;Riga;Photonik C34;stock;0;units;
city_inventory;Riga;Photonik C34;scarcity_factor;1.4333;;
city_inventory;Riga;Photonik C34;market_price;648;Mark;
city_inventory;Riga;Quantenkerne C35;stock;104;units;
city_inventory;Riga;Quantenkerne C35;scarcity_factor;1.0900;;
city_inventory;Riga;Quantenkerne C35;market_price;1074;Mark;
city_inventory;Riga;Synthtreibstoff C36;stock;120;units;
city_inventory;Riga;Synthtreibstoff C36;scarcity_factor;1.0000;;
city_inventory;Riga;Synthtreibstoff C36;market_price;451;Mark;
city_inventory;Riga;Biofasern C37;stock;243;units;
city_inventory;Riga;Biofasern C37;scarcity_factor;0.9540;;
city_inventory;Riga;Biofasern C37;market_price;570;Mark;
city_inventory;Riga;Nanobauteile C38;stock;20;units;
city_inventory;Riga;Nanobauteile C38;scarcity_factor;1.2667;;
city_inventory;Riga;Nanobauteile C38;market_price;673;Mark;
city_inventory;Riga;Photonik C39;stock;20;units;
city_inventory;Riga;Photonik C39;scarcity_factor;1.2667;;
city_inventory;Riga;Photonik C39;market_price;925;Mark;
city_inventory;Riga;Quantenkerne C40;stock;171;units;
city_inventory;Riga;Quantenkerne C40;scarcity_factor;1.0000;;
city_inventory;Riga;Quantenkerne C40;market_price;830;Mark;
city_inventory;Riga;Synthtreibstoff C41;stock;80;units;
city_inventory;Riga;Synthtreibstoff C41;scarcity_factor;1.1500;;
city_inventory;Riga;Synthtreibstoff C41;market_price;825;Mark;
city_inventory;Riga;Biofasern C42;stock;153;units;
city_inventory;Riga;Biofasern C42;scarcity_factor;1.0000;;
city_inventory;Riga;Biofasern C42;market_price;719;Mark;
city_inventory;Riga;Nanobauteile C43;stock;80;units;
city_inventory;Riga;Nanobauteile C43;scarcity_factor;1.1500;;
city_inventory;Riga;Nanobauteile C43;market_price;1384;Mark;
city_inventory;Riga;Photonik C44;stock;40;units;
city_inventory;Riga;Photonik C44;scarcity_factor;1.1000;;
city_inventory;Riga;Photonik C44;market_price;737;Mark;
city_inventory;Riga;Quantenkerne C45;stock;20;units;
city_inventory;Riga;Quantenkerne C45;scarcity_factor;1.2667;;
city_inventory;Riga;Quantenkerne C45;market_price;1214;Mark;
city_inventory;Riga;Synthtreibstoff C46;stock;230;units;
city_inventory;Riga;Synthtreibstoff C46;scarcity_factor;0.9800;;
city_inventory;Riga;Synthtreibstoff C46;market_price;972;Mark;
city_inventory;Riga;Biofasern C47;stock;180;units;
city_inventory;Riga;Biofasern C47;scarcity_factor;1.0000;;
city_inventory;Riga;Biofasern C47;market_price;924;Mark;
city_inventory;Riga;Nanobauteile C48;stock;80;units;
city_inventory;Riga;Nanobauteile C48;scarcity_factor;1.1500;;
city_inventory;Riga;Nanobauteile C48;market_price;1137;Mark;
city_inventory;Riga;Photonik C49;stock;150;units;
city_inventory;Riga;Photonik C49;scarcity_factor;1.0000;;
city_inventory;Riga;Photonik C49;market_price;1377;Mark;
city_inventory;Riga;Quantenkerne C50;stock;20;units;
city_inventory;Riga;Quantenkerne C50;scarcity_factor;1.2667;;
city_inventory;Riga;Quantenkerne C50;market_price;1615;Mark;
city_inventory;Riga;Synthtreibstoff C51;stock;111;units;
city_inventory;Riga;Synthtreibstoff C51;scarcity_factor;1.0725;;
city_inventory;Riga;Synthtreibstoff C51;market_price;552;Mark;
city_inventory;Riga;Biofasern C52;stock;150;units;
city_inventory;Riga;Biofasern C52;scarcity_factor;1.0000;;
city_inventory;Riga;Biofasern C52;market_price;574;Mark;
city_inventory;Riga;Nanobauteile C53;stock;120;units;
city_inventory;Riga;Nanobauteile C53;scarcity_factor;1.0000;;
city_inventory;Riga;Nanobauteile C53;market_price;1771;Mark;
city_inventory;Riga;Photonik C54;stock;14;units;
city_inventory;Riga;Photonik C54;scarcity_factor;1.3167;;
city_inventory;Riga;Photonik C54;market_price;923;Mark;
city_inventory;Riga;Quantenkerne C55;stock;36;units;
city_inventory;Riga;Quantenkerne C55;scarcity_factor;1.1333;;
city_inventory;Riga;Quantenkerne C55;market_price;1407;Mark;
city_inventory;Riga;Synthtreibstoff C56;stock;220;units;
city_inventory;Riga;Synthtreibstoff C56;scarcity_factor;1.0000;;
city_inventory;Riga;Synthtreibstoff C56;market_price;1433;Mark;
city_inventory;Riga;Biofasern C57;stock;20;units;
city_inventory;Riga;Biofasern C57;scarcity_factor;1.2667;;
city_inventory;Riga;Biofasern C57;market_price;777;Mark;
city_inventory;Riga;Nanobauteile C58;stock;80;units;
city_inventory;Riga;Nanobauteile C58;scarcity_factor;1.1500;;
city_inventory;Riga;Nanobauteile C58;market_price;1484;Mark;
city_inventory;Riga;Photonik C59;stock;0;units;
city_inventory;Riga;Photonik C59;scarcity_factor;1.4333;;
city_inventory;Riga;Photonik C59;market_price;970;Mark;
city_inventory;Riga;Quantenkerne C60;stock;20;units;
city_inventory;Riga;Quantenkerne C60;scarcity_factor;1.2667;;
city_inventory;Riga;Quantenkerne C60;market_price;3021;Mark;
city_inventory;Riga;Synthtreibstoff C61;stock;40;units;
city_inventory;Riga;Synthtreibstoff C61;scarcity_factor;1.1000;;
city_inventory;Riga;Synthtreibstoff C61;market_price;1015;Mark;
city_inventory;Riga;Biofasern C62;stock;440;units;
city_inventory;Riga;Biofasern C62;scarcity_factor;0.7800;;
city_inventory;Riga;Biofasern C62;market_price;1037;Mark;
building;Riga;1;id;brewery;;
building;Riga;1;name;Brauerei;;
building;Riga;1;level;1;;
building;Riga;1;active;1;;
building;Riga;1;can_run_now;0;;
building;Riga;1;inputs;"{""Getreide"": 4, ""Holz"": 1}";;
building;Riga;1;outputs;"{""Bier"": 6}";;
building;Riga;2;id;fishery;;
building;Riga;2;name;Fischerei;;
building;Riga;2;level;1;;
building;Riga;2;active;1;;
building;Riga;2;can_run_now;1;;
building;Riga;2;inputs;{};;
building;Riga;2;outputs;"{""Hering"": 4}";;
building;Riga;3;id;grain_farm;;
building;Riga;3;name;Getreidehof;;
building;Riga;3;level;1;;
building;Riga;3;active;1;;
building;Riga;3;can_run_now;1;;
building;Riga;3;inputs;{};;
building;Riga;3;outputs;"{""Getreide"": 5}";;
building;Riga;4;id;salt_mine;;
building;Riga;4;name;Salzmine;;
building;Riga;4;level;2;;
building;Riga;4;active;1;;
building;Riga;4;can_run_now;1;;
building;Riga;4;inputs;{};;
building;Riga;4;outputs;"{""Salz"": 5}";;
building;Riga;5;id;tannery;;
building;Riga;5;name;Gerberei;;
building;Riga;5;level;1;;
building;Riga;5;active;1;;
building;Riga;5;can_run_now;1;;
building;Riga;5;inputs;"{""Salz"": 1}";;
building;Riga;5;outputs;"{""Pelze"": 2}";;
building;Riga;6;id;weavery;;
building;Riga;6;name;Weberei;;
building;Riga;6;level;1;;
building;Riga;6;active;1;;
building;Riga;6;can_run_now;1;;
building;Riga;6;inputs;"{""Holz"": 2}";;
building;Riga;6;outputs;"{""Tuch"": 3}";;
building;Riga;7;id;winery;;
building;Riga;7;name;Weinkellerei;;
building;Riga;7;level;1;;
building;Riga;7;active;1;;
building;Riga;7;can_run_now;0;;
building;Riga;7;inputs;"{""Getreide"": 3}";;
building;Riga;7;outputs;"{""Wein"": 3}";;
building;Riga;8;id;woodcutter;;
building;Riga;8;name;Holzfaeller;;
building;Riga;8;level;1;;
building;Riga;8;active;1;;
building;Riga;8;can_run_now;1;;
building;Riga;8;inputs;{};;
building;Riga;8;outputs;"{""Holz"": 6}";;
building;Riga;9;id;grand_brewery;;
building;Riga;9;name;Grossbrauerei;;
building;Riga;9;level;1;;
building;Riga;9;active;1;;
building;Riga;9;can_run_now;0;;
building;Riga;9;inputs;"{""Getreide"": 4, ""Hopfen"": 2, ""Holz"": 1}";;
building;Riga;9;outputs;"{""Bier"": 10}";;
building;Riga;10;id;hop_farm;;
building;Riga;10;name;Hopfenplantage;;
building;Riga;10;level;1;;
building;Riga;10;active;1;;
building;Riga;10;can_run_now;1;;
building;Riga;10;inputs;{};;
building;Riga;10;outputs;"{""Hopfen"": 5}";;
building;Riga;11;id;tar_kiln;;
building;Riga;11;name;Teerbrennerei;;
building;Riga;11;level;1;;
building;Riga;11;active;1;;
building;Riga;11;can_run_now;1;;
building;Riga;11;inputs;"{""Holz"": 3}";;
building;Riga;11;outputs;"{""Teer"": 4}";;
building;Riga;12;id;copper_mine;;
building;Riga;12;name;Kupfermine;;
building;Riga;12;level;2;;
building;Riga;12;active;1;;
building;Riga;12;can_run_now;1;;
building;Riga;12;inputs;{};;
building;Riga;12;outputs;"{""Kupfer"": 4}";;
building;Riga;13;id;spice_refinery;;
building;Riga;13;name;Gewuerzraffinerie;;
building;Riga;13;level;1;;
building;Riga;13;active;1;;
building;Riga;13;can_run_now;1;;
building;Riga;13;inputs;"{""Gewuerze"": 4}";;
building;Riga;13;outputs;"{""Luxuswaren"": 6}";;
building;Riga;14;id;spice_trade;;
building;Riga;14;name;Gewuerzhandel;;
building;Riga;14;level;1;;
building;Riga;14;active;1;;
building;Riga;14;can_run_now;1;;
building;Riga;14;inputs;{};;
building;Riga;14;outputs;"{""Gewuerze"": 4}";;
building;Riga;15;id;sugar_farm;;
building;Riga;15;name;Zuckerplantage;;
building;Riga;15;level;1;;
building;Riga;15;active;1;;
building;Riga;15;can_run_now;1;;
building;Riga;15;inputs;{};;
building;Riga;15;outputs;"{""Zucker"": 5}";;
building;Riga;16;id;sugar_refinery;;
building;Riga;16;name;Zuckerraffinerie;;
building;Riga;16;level;1;;
building;Riga;16;active;1;;
building;Riga;16;can_run_now;1;;
building;Riga;16;inputs;"{""Zucker"": 5}";;
building;Riga;16;outputs;"{""Luxuswaren"": 6}";;
building;Riga;17;id;tobacco_farm;;
building;Riga;17;name;Tabakplantage;;
building;Riga;17;level;1;;
building;Riga;17;active;1;;
building;Riga;17;can_run_now;1;;
building;Riga;17;inputs;{};;
building;Riga;17;outputs;"{""Tabak"": 5}";;
building;Riga;18;id;coffee_farm;;
building;Riga;18;name;Kaffeeplantage;;
building;Riga;18;level;1;;
building;Riga;18;active;1;;
building;Riga;18;can_run_now;1;;
building;Riga;18;inputs;{};;
building;Riga;18;outputs;"{""Kaffee"": 5}";;
building;Riga;19;id;cotton_farm;;
building;Riga;19;name;Baumwollfarm;;
building;Riga;19;level;1;;
building;Riga;19;active;1;;
building;Riga;19;can_run_now;1;;
building;Riga;19;inputs;{};;
building;Riga;19;outputs;"{""Baumwolle"": 5}";;
building;Riga;20;id;textile_factory;;
building;Riga;20;name;Textilmanufaktur;;
building;Riga;20;level;1;;
building;Riga;20;active;1;;
building;Riga;20;can_run_now;1;;
building;Riga;20;inputs;"{""Baumwolle"": 5}";;
building;Riga;20;outputs;"{""Tuch"": 7}";;
building;Riga;21;id;coal_mine;;
building;Riga;21;name;Kohlemine;;
building;Riga;21;level;1;;
building;Riga;21;active;1;;
building;Riga;21;can_run_now;1;;
building;Riga;21;inputs;{};;
building;Riga;21;outputs;"{""Kohle"": 6}";;
building;Riga;22;id;refinery;;
building;Riga;22;name;Raffinerie;;
building;Riga;22;level;1;;
building;Riga;22;active;1;;
building;Riga;22;can_run_now;0;;
building;Riga;22;inputs;"{""Kohle"": 5}";;
building;Riga;22;outputs;"{""Treibstoff"": 6}";;
building;Riga;23;id;steel_mill;;
building;Riga;23;name;Stahlwerk;;
building;Riga;23;level;2;;
building;Riga;23;active;1;;
building;Riga;23;can_run_now;0;;
building;Riga;23;inputs;"{""Kohle"": 4, ""Kupfer"": 2}";;
building;Riga;23;outputs;"{""Stahl"": 5}";;
building;Riga;24;id;electronics_factory;;
building;Riga;24;name;Elektronikfabrik;;
building;Riga;24;level;1;;
building;Riga;24;active;1;;
building;Riga;24;can_run_now;1;;
building;Riga;24;inputs;"{""Stahl"": 3, ""Kupfer"": 2}";;
building;Riga;24;outputs;"{""Elektronik"": 5}";;
building;Riga;25;id;chip_factory;;
building;Riga;25;name;Chipfabrik;;
building;Riga;25;level;1;;
building;Riga;25;active;1;;
building;Riga;25;can_run_now;1;;
building;Riga;25;inputs;"{""Seltene Erden"": 3}";;
building;Riga;25;outputs;"{""Mikrochips"": 5}";;
building;Riga;26;id;rare_earth_mine;;
building;Riga;26;name;Seltene Erden Mine;;
building;Riga;26;level;2;;
building;Riga;26;active;1;;
building;Riga;26;can_run_now;1;;
building;Riga;26;inputs;{};;
building;Riga;26;outputs;"{""Seltene Erden"": 4}";;
city;Novgorod;;treasury;-571;Mark;
city;Novgorod;;bankrupt;1;;
city;Novgorod;;building_count;26;count;
city_inventory;Novgorod;Salz;stock;310594;units;
city_inventory;Novgorod;Salz;scarcity_factor;0.7800;;
city_inventory;Novgorod;Salz;market_price;52;Mark;
city_inventory;Novgorod;Holz;stock;18;units;
city_inventory;Novgorod;Holz;scarcity_factor;1.2833;;
city_inventory;Novgorod;Holz;market_price;32;Mark;
city_inventory;Novgorod;Pelze;stock;83826;units;
city_inventory;Novgorod;Pelze;scarcity_factor;0.7800;;
city_inventory;Novgorod;Pelze;market_price;77;Mark;
city_inventory;Novgorod;Getreide;stock;3;units;
city_inventory;Novgorod;Getreide;scarcity_factor;1.4083;;
city_inventory;Novgorod;Getreide;market_price;49;Mark;
city_inventory;Novgorod;Tuch;stock;386031;units;
city_inventory;Novgorod;Tuch;scarcity_factor;0.7800;;
city_inventory;Novgorod;Tuch;market_price;62;Mark;
city_inventory;Novgorod;Hering;stock;111287;units;
city_inventory;Novgorod;Hering;scarcity_factor;0.7800;;
city_inventory;Novgorod;Hering;market_price;24;Mark;
city_inventory;Novgorod;Wein;stock;250791;units;
city_inventory;Novgorod;Wein;scarcity_factor;0.7800;;
city_inventory;Novgorod;Wein;market_price;128;Mark;
city_inventory;Novgorod;Bier;stock;219316;units;
city_inventory;Novgorod;Bier;scarcity_factor;0.7800;;
city_inventory;Novgorod;Bier;market_price;49;Mark;
city_inventory;Novgorod;Hopfen;stock;137668;units;
city_inventory;Novgorod;Hopfen;scarcity_factor;0.7800;;
city_inventory;Novgorod;Hopfen;market_price;48;Mark;
city_inventory;Novgorod;Teer;stock;225511;units;
city_inventory;Novgorod;Teer;scarcity_factor;0.7800;;
city_inventory;Novgorod;Teer;market_price;72;Mark;
city_inventory;Novgorod;Gewuerze;stock;3;units;
city_inventory;Novgorod;Gewuerze;scarcity_factor;1.4083;;
city_inventory;Novgorod;Gewuerze;market_price;300;Mark;
city_inventory;Novgorod;Kupfer;stock;90969;units;
city_inventory;Novgorod;Kupfer;scarcity_factor;0.7800;;
city_inventory;Novgorod;Kupfer;market_price;114;Mark;
city_inventory;Novgorod;Luxuswaren;stock;495581;units;
city_inventory;Novgorod;Luxuswaren;scarcity_factor;0.7800;;
city_inventory;Novgorod;Luxuswaren;market_price;140;Mark;
city_inventory;Novgorod;Tabak;stock;246590;units;
city_inventory;Novgorod;Tabak;scarcity_factor;0.7800;;
city_inventory;Novgorod;Tabak;market_price;92;Mark;
city_inventory;Novgorod;Zucker;stock;54865;units;
city_inventory;Novgorod;Zucker;scarcity_factor;0.7800;;
city_inventory;Novgorod;Zucker;market_price;171;Mark;
city_inventory;Novgorod;Kaffee;stock;424987;units;
city_inventory;Novgorod;Kaffee;scarcity_factor;0.7800;;
city_inventory;Novgorod;Kaffee;market_price;163;Mark;
city_inventory;Novgorod;Baumwolle;stock;11735;units;
city_inventory;Novgorod;Baumwolle;scarcity_factor;0.7800;;
city_inventory;Novgorod;Baumwolle;market_price;73;Mark;
city_inventory;Novgorod;Kohle;stock;144447;units;
city_inventory;Novgorod;Kohle;scarcity_factor;0.7800;;
city_inventory;Novgorod;Kohle;market_price;78;Mark;
city_inventory;Novgorod;Stahl;stock;52653;units;
city_inventory;Novgorod;Stahl;scarcity_factor;0.7800;;
city_inventory;Novgorod;Stahl;market_price;185;Mark;
city_inventory;Novgorod;Elektronik;stock;105960;units;
city_inventory;Novgorod;Elektronik;scarcity_factor;0.7800;;
city_inventory;Novgorod;Elektronik;market_price;161;Mark;
city_inventory;Novgorod;Treibstoff;stock;252385;units;
city_inventory;Novgorod;Treibstoff;scarcity_factor;0.7800;;
city_inventory;Novgorod;Treibstoff;market_price;214;Mark;
city_inventory;Novgorod;Seltene Erden;stock;5;units;
city_inventory;Novgorod;Seltene Erden;scarcity_factor;1.3917;;
city_inventory;Novgorod;Seltene Erden;market_price;398;Mark;
city_inventory;Novgorod;Mikrochips;stock;226680;units;
city_inventory;Novgorod;Mikrochips;scarcity_factor;0.7800;;
city_inventory;Novgorod;Mikrochips;market_price;150;Mark;
city_inventory;Novgorod;Biofasern C22;stock;0;units;
city_inventory;Novgorod;Biofasern C22;scarcity_factor;1.4333;;
city_inventory;Novgorod;Biofasern C22;market_price;309;Mark;
city_inventory;Novgorod;Nanobauteile C23;stock;80;units;
city_inventory;Novgorod;Nanobauteile C23;scarcity_factor;1.1500;;
city_inventory;Novgorod;Nanobauteile C23;market_price;355;Mark;
city_inventory;Novgorod;Photonik C24;stock;100;units;
city_inventory;Novgorod;Photonik C24;scarcity_factor;1.1000;;
city_inventory;Novgorod;Photonik C24;market_price;285;Mark;
city_inventory;Novgorod;Quantenkerne C25;stock;60;units;
city_inventory;Novgorod;Quantenkerne C25;scarcity_factor;1.2000;;
city_inventory;Novgorod;Quantenkerne C25;market_price;956;Mark;
city_inventory;Novgorod;Synthtreibstoff C26;stock;50;units;
city_inventory;Novgorod;Synthtreibstoff C26;scarcity_factor;1.2250;;
city_inventory;Novgorod;Synthtreibstoff C26;market_price;349;Mark;
city_inventory;Novgorod;Biofasern C27;stock;0;units;
city_inventory;Novgorod;Biofasern C27;scarcity_factor;1.4333;;
city_inventory;Novgorod;Biofasern C27;market_price;378;Mark;
city_inventory;Novgorod;Nanobauteile C28;stock;0;units;
city_inventory;Novgorod;Nanobauteile C28;scarcity_factor;1.4333;;
city_inventory;Novgorod;Nanobauteile C28;market_price;844;Mark;
city_inventory;Novgorod;Photonik C29;stock;130;units;
city_inventory;Novgorod;Photonik C29;scarcity_factor;1.0000;;
city_inventory;Novgorod;Photonik C29;market_price;405;Mark;
city_inventory;Novgorod;Quantenkerne C30;stock;0;units;
city_inventory;Novgorod;Quantenkerne C30;scarcity_factor;1.4333;;
city_inventory;Novgorod;Quantenkerne C30;market_price;582;Mark;
city_inventory;Novgorod;Synthtreibstoff C31;stock;0;units;
city_inventory;Novgorod;Synthtreibstoff C31;scarcity_factor;1.4333;;
city_inventory;Novgorod;Synthtreibstoff C31;market_price;783;Mark;
city_inventory;Novgorod;Biofasern C32;stock;0;units;
city_inventory;Novgorod;Biofasern C32;scarcity_factor;1.4333;;
city_inventory;Novgorod;Biofasern C32;market_price;412;Mark;
city_inventory;Novgorod;Nanobauteile C33;stock;0;units;
city_inventory;Novgorod;Nanobauteile C33;scarcity_factor;1.4333;;
city_inventory;Novgorod;Nanobauteile C33;market_price;565;Mark;
city_inventory;Novgorod;Photonik C34;stock;200;units;
city_inventory;Novgorod;Photonik C34;scarcity_factor;1.0000;;
city_inventory;Novgorod;Photonik C34;market_price;726;Mark;
city_inventory;Novgorod;Quantenkerne C35;stock;60;units;
city_inventory;Novgorod;Quantenkerne C35;scarcity_factor;1.2000;;
city_inventory;Novgorod;Quantenkerne C35;market_price;780;Mark;
city_inventory;Novgorod;Synthtreibstoff C36;stock;184;units;
city_inventory;Novgorod;Synthtreibstoff C36;scarcity_factor;1.0000;;
city_inventory;Novgorod;Synthtreibstoff C36;market_price;576;Mark;
city_inventory;Novgorod;Biofasern C37;stock;80;units;
city_inventory;Novgorod;Biofasern C37;scarcity_factor;1.1500;;
city_inventory;Novgorod;Biofasern C37;market_price;390;Mark;
city_inventory;Novgorod;Nanobauteile C38;stock;320;units;
city_inventory;Novgorod;Nanobauteile C38;scarcity_factor;0.8533;;
city_inventory;Novgorod;Nanobauteile C38;market_price;673;Mark;
city_inventory;Novgorod;Photonik C39;stock;152;units;
city_inventory;Novgorod;Photonik C39;scarcity_factor;1.0000;;
city_inventory;Novgorod;Photonik C39;market_price;1077;Mark;
city_inventory;Novgorod;Quantenkerne C40;stock;0;units;
city_inventory;Novgorod;Quantenkerne C40;scarcity_factor;1.4333;;
city_inventory;Novgorod;Quantenkerne C40;market_price;595;Mark;
city_inventory;Novgorod;Synthtreibstoff C41;stock;94;units;
city_inventory;Novgorod;Synthtreibstoff C41;scarcity_factor;1.1150;;
city_inventory;Novgorod;Synthtreibstoff C41;market_price;1108;Mark;
city_inventory;Novgorod;Biofasern C42;stock;100;units;
city_inventory;Novgorod;Biofasern C42;scarcity_factor;1.1000;;
city_inventory;Novgorod;Biofasern C42;market_price;818;Mark;
city_inventory;Novgorod;Nanobauteile C43;stock;53;units;
city_inventory;Novgorod;Nanobauteile C43;scarcity_factor;1.2175;;
city_inventory;Novgorod;Nanobauteile C43;market_price;962;Mark;
city_inventory;Novgorod;Photonik C44;stock;80;units;
city_inventory;Novgorod;Photonik C44;scarcity_factor;1.1500;;
city_inventory;Novgorod;Photonik C44;market_price;912;Mark;
city_inventory;Novgorod;Quantenkerne C45;stock;221;units;
city_inventory;Novgorod;Quantenkerne C45;scarcity_factor;0.9980;;
city_inventory;Novgorod;Quantenkerne C45;market_price;708;Mark;
city_inventory;Novgorod;Synthtreibstoff C46;stock;118;units;
city_inventory;Novgorod;Synthtreibstoff C46;scarcity_factor;1.0550;;
city_inventory;Novgorod;Synthtreibstoff C46;market_price;1304;Mark;
city_inventory;Novgorod;Biofasern C47;stock;140;units;
city_inventory;Novgorod;Biofasern C47;scarcity_factor;1.0000;;
city_inventory;Novgorod;Biofasern C47;market_price;570;Mark;
city_inventory;Novgorod;Nanobauteile C48;stock;160;units;
city_inventory;Novgorod;Nanobauteile C48;scarcity_factor;1.0000;;
city_inventory;Novgorod;Nanobauteile C48;market_price;1381;Mark;
city_inventory;Novgorod;Photonik C49;stock;220;units;
city_inventory;Novgorod;Photonik C49;scarcity_factor;1.0000;;
city_inventory;Novgorod;Photonik C49;market_price;1166;Mark;
city_inventory;Novgorod;Quantenkerne C50;stock;240;units;
city_inventory;Novgorod;Quantenkerne C50;scarcity_factor;0.9600;;
city_inventory;Novgorod;Quantenkerne C50;market_price;1253;Mark;
city_inventory;Novgorod;Synthtreibstoff C51;stock;20;units;
city_inventory;Novgorod;Synthtreibstoff C51;scarcity_factor;1.2667;;
city_inventory;Novgorod;Synthtreibstoff C51;market_price;916;Mark;
city_inventory;Novgorod;Biofasern C52;stock;425;units;
city_inventory;Novgorod;Biofasern C52;scarcity_factor;0.7800;;
city_inventory;Novgorod;Biofasern C52;market_price;788;Mark;
city_inventory;Novgorod;Nanobauteile C53;stock;240;units;
city_inventory;Novgorod;Nanobauteile C53;scarcity_factor;0.9600;;
city_inventory;Novgorod;Nanobauteile C53;market_price;1677;Mark;
city_inventory;Novgorod;Photonik C54;stock;40;units;
city_inventory;Novgorod;Photonik C54;scarcity_factor;1.1000;;
city_inventory;Novgorod;Photonik C54;market_price;1536;Mark;
city_inventory;Novgorod;Quantenkerne C55;stock;20;units;
city_inventory;Novgorod;Quantenkerne C55;scarcity_factor;1.2667;;
city_inventory;Novgorod;Quantenkerne C55;market_price;1816;Mark;
city_inventory;Novgorod;Synthtreibstoff C56;stock;0;units;
city_inventory;Novgorod;Synthtreibstoff C56;scarcity_factor;1.4333;;
city_inventory;Novgorod;Synthtreibstoff C56;market_price;1143;Mark;
city_inventory;Novgorod;Biofasern C57;stock;80;units;
city_inventory;Novgorod;Biofasern C57;scarcity_factor;1.1500;;
city_inventory;Novgorod;Biofasern C57;market_price;796;Mark;
city_inventory;Novgorod;Nanobauteile C58;stock;0;units;
city_inventory;Novgorod;Nanobauteile C58;scarcity_factor;1.4333;;
city_inventory;Novgorod;Nanobauteile C58;market_price;1630;Mark;
city_inventory;Novgorod;Photonik C59;stock;135;units;
city_inventory;Novgorod;Photonik C59;scarcity_factor;1.0000;;
city_inventory;Novgorod;Photonik C59;market_price;1147;Mark;
city_inventory;Novgorod;Quantenkerne C60;stock;20;units;
city_inventory;Novgorod;Quantenkerne C60;scarcity_factor;1.2667;;
city_inventory;Novgorod;Quantenkerne C60;market_price;941;Mark;
city_inventory;Novgorod;Synthtreibstoff C61;stock;80;units;
city_inventory;Novgorod;Synthtreibstoff C61;scarcity_factor;1.1500;;
city_inventory;Novgorod;Synthtreibstoff C61;market_price;1121;Mark;
city_inventory;Novgorod;Biofasern C62;stock;20;units;
city_inventory;Novgorod;Biofasern C62;scarcity_factor;1.2667;;
city_inventory;Novgorod;Biofasern C62;market_price;1581;Mark;
building;Novgorod;1;id;brewery;;
building;Novgorod;1;name;Brauerei;;
building;Novgorod;1;level;1;;
building;Novgorod;1;active;1;;
building;Novgorod;1;can_run_now;0;;
building;Novgorod;1;inputs;"{""Getreide"": 4, ""Holz"": 1}";;
building;Novgorod;1;outputs;"{""Bier"": 6}";;
building;Novgorod;2;id;fishery;;
building;Novgorod;2;name;Fischerei;;
building;Novgorod;2;level;1;;
building;Novgorod;2;active;1;;
building;Novgorod;2;can_run_now;1;;
building;Novgorod;2;inputs;{};;
building;Novgorod;2;outputs;"{""Hering"": 4}";;
building;Novgorod;3;id;grain_farm;;
building;Novgorod;3;name;Getreidehof;;
building;Novgorod;3;level;1;;
building;Novgorod;3;active;1;;
building;Novgorod;3;can_run_now;1;;
building;Novgorod;3;inputs;{};;
building;Novgorod;3;outputs;"{""Getreide"": 5}";;
building;Novgorod;4;id;salt_mine;;
building;Novgorod;4;name;Salzmine;;
building;Novgorod;4;level;2;;
building;Novgorod;4;active;1;;
building;Novgorod;4;can_run_now;1;;
building;Novgorod;4;inputs;{};;
building;Novgorod;4;outputs;"{""Salz"": 5}";;
building;Novgorod;5;id;tannery;;
building;Novgorod;5;name;Gerberei;;
building;Novgorod;5;level;1;;
building;Novgorod;5;active;1;;
building;Novgorod;5;can_run_now;1;;
building;Novgorod;5;inputs;"{""Salz"": 1}";;
building;Novgorod;5;outputs;"{""Pelze"": 2}";;
building;Novgorod;6;id;weavery;;
building;Novgorod;6;name;Weberei;;
building;Novgorod;6;level;1;;
building;Novgorod;6;active;1;;
building;Novgorod;6;can_run_now;1;;
building;Novgorod;6;inputs;"{""Holz"": 2}";;
building;Novgorod;6;outputs;"{""Tuch"": 3}";;
building;Novgorod;7;id;winery;;
building;Novgorod;7;name;Weinkellerei;;
building;Novgorod;7;level;1;;
building;Novgorod;7;active;1;;
building;Novgorod;7;can_run_now;1;;
building;Novgorod;7;inputs;"{""Getreide"": 3}";;
building;Novgorod;7;outputs;"{""Wein"": 3}";;
building;Novgorod;8;id;woodcutter;;
building;Novgorod;8;name;Holzfaeller;;
building;Novgorod;8;level;1;;
building;Novgorod;8;active;1;;
building;Novgorod;8;can_run_now;1;;
building;Novgorod;8;inputs;{};;
building;Novgorod;8;outputs;"{""Holz"": 6}";;
building;Novgorod;9;id;grand_brewery;;
building;Novgorod;9;name;Grossbrauerei;;
building;Novgorod;9;level;1;;
building;Novgorod;9;active;1;;
building;Novgorod;9;can_run_now;0;;
building;Novgorod;9;inputs;"{""Getreide"": 4, ""Hopfen"": 2, ""Holz"": 1}";;
building;Novgorod;9;outputs;"{""Bier"": 10}";;
building;Novgorod;10;id;hop_farm;;
building;Novgorod;10;name;Hopfenplantage;;
building;Novgorod;10;level;1;;
building;Novgorod;10;active;1;;
building;Novgorod;10;can_run_now;1;;
building;Novgorod;10;inputs;{};;
building;Novgorod;10;outputs;"{""Hopfen"": 5}";;
building;Novgorod;11;id;tar_kiln;;
building;Novgorod;11;name;Teerbrennerei;;
building;Novgorod;11;level;1;;
building;Novgorod;11;active;1;;
building;Novgorod;11;can_run_now;1;;
building;Novgorod;11;inputs;"{""Holz"": 3}";;
building;Novgorod;11;outputs;"{""Teer"": 4}";;
building;Novgorod;12;id;copper_mine;;
building;Novgorod;12;name;Kupfermine;;
building;Novgorod;12;level;2;;
building;Novgorod;12;active;1;;
building;Novgorod;12;can_run_now;1;;
building;Novgorod;12;inputs;{};;
building;Novgorod;12;outputs;"{""Kupfer"": 4}";;
building;Novgorod;13;id;spice_refinery;;
building;Novgorod;13;name;Gewuerzraffinerie;;
building;Novgorod;13;level;1;;
building;Novgorod;13;active;1;;
building;Novgorod;13;can_run_now;0;;
building;Novgorod;13;inputs;"{""Gewuerze"": 4}";;
building;Novgorod;13;outputs;"{""Luxuswaren"": 6}";;
building;Novgorod;14;id;spice_trade;;
building;Novgorod;14;name;Gewuerzhandel;;
building;Novgorod;14;level;1;;
building;Novgorod;14;active;1;;
building;Novgorod;14;can_run_now;1;;
building;Novgorod;14;inputs;{};;
building;Novgorod;14;outputs;"{""Gewuerze"": 4}";;
building;Novgorod;15;id;sugar_farm;;
building;Novgorod;15;name;Zuckerplantage;;
building;Novgorod;15;level;1;;
building;Novgorod;15;active;1;;
building;Novgorod;15;can_run_now;1;;
building;Novgorod;15;inputs;{};;
building;Novgorod;15;outputs;"{""Zucker"": 5}";;
building;Novgorod;16;id;sugar_refinery;;
building;Novgorod;16;name;Zuckerraffinerie;;
building;Novgorod;16;level;1;;
building;Novgorod;16;active;1;;
building;Novgorod;16;can_run_now;1;;
building;Novgorod;16;inputs;"{""Zucker"": 5}";;
building;Novgorod;16;outputs;"{""Luxuswaren"": 6}";;
building;Novgorod;17;id;tobacco_farm;;
building;Novgorod;17;name;Tabakplantage;;
building;Novgorod;17;level;1;;
building;Novgorod;17;active;1;;
building;Novgorod;17;can_run_now;1;;
building;Novgorod;17;inputs;{};;
building;Novgorod;17;outputs;"{""Tabak"": 5}";;
building;Novgorod;18;id;coffee_farm;;
building;Novgorod;18;name;Kaffeeplantage;;
building;Novgorod;18;level;1;;
building;Novgorod;18;active;1;;
building;Novgorod;18;can_run_now;1;;
building;Novgorod;18;inputs;{};;
building;Novgorod;18;outputs;"{""Kaffee"": 5}";;
building;Novgorod;19;id;cotton_farm;;
building;Novgorod;19;name;Baumwollfarm;;
building;Novgorod;19;level;1;;
building;Novgorod;19;active;1;;
building;Novgorod;19;can_run_now;1;;
building;Novgorod;19;inputs;{};;
building;Novgorod;19;outputs;"{""Baumwolle"": 5}";;
building;Novgorod;20;id;textile_factory;;
building;Novgorod;20;name;Textilmanufaktur;;
building;Novgorod;20;level;1;;
building;Novgorod;20;active;1;;
building;Novgorod;20;can_run_now;1;;
building;Novgorod;20;inputs;"{""Baumwolle"": 5}";;
building;Novgorod;20;outputs;"{""Tuch"": 7}";;
building;Novgorod;21;id;coal_mine;;
building;Novgorod;21;name;Kohlemine;;
building;Novgorod;21;level;2;;
building;Novgorod;21;active;1;;
building;Novgorod;21;can_run_now;1;;
building;Novgorod;21;inputs;{};;
building;Novgorod;21;outputs;"{""Kohle"": 6}";;
building;Novgorod;22;id;refinery;;
building;Novgorod;22;name;Raffinerie;;
building;Novgorod;22;level;1;;
building;Novgorod;22;active;1;;
building;Novgorod;22;can_run_now;1;;
building;Novgorod;22;inputs;"{""Kohle"": 5}";;
building;Novgorod;22;outputs;"{""Treibstoff"": 6}";;
building;Novgorod;23;id;steel_mill;;
building;Novgorod;23;name;Stahlwerk;;
building;Novgorod;23;level;1;;
building;Novgorod;23;active;1;;
building;Novgorod;23;can_run_now;1;;
building;Novgorod;23;inputs;"{""Kohle"": 4, ""Kupfer"": 2}";;
building;Novgorod;23;outputs;"{""Stahl"": 5}";;
building;Novgorod;24;id;electronics_factory;;
building;Novgorod;24;name;Elektronikfabrik;;
building;Novgorod;24;level;1;;
building;Novgorod;24;active;1;;
building;Novgorod;24;can_run_now;1;;
building;Novgorod;24;inputs;"{""Stahl"": 3, ""Kupfer"": 2}";;
building;Novgorod;24;outputs;"{""Elektronik"": 5}";;
building;Novgorod;25;id;chip_factory;;
building;Novgorod;25;name;Chipfabrik;;
building;Novgorod;25;level;2;;
building;Novgorod;25;active;1;;
building;Novgorod;25;can_run_now;0;;
building;Novgorod;25;inputs;"{""Seltene Erden"": 3}";;
building;Novgorod;25;outputs;"{""Mikrochips"": 5}";;
building;Novgorod;26;id;rare_earth_mine;;
building;Novgorod;26;name;Seltene Erden Mine;;
building;Novgorod;26;level;1;;
building;Novgorod;26;active;1;;
building;Novgorod;26;can_run_now;1;;
building;Novgorod;26;inputs;{};;
building;Novgorod;26;outputs;"{""Seltene Erden"": 4}";;
npc;Hakon;;city;Riga;;
npc;Hakon;;money;4071402730;Mark;
npc;Hakon;;ship;Holk;;
npc;Hakon;;cargo_total;0;units;
npc;Marta;;city;Novgorod;;
npc;Marta;;money;3830041002;Mark;
npc;Marta;;ship;Holk;;
npc;Marta;;cargo_total;0;units;
npc;Ilya;;city;Bergen;;
npc;Ilya;;money;3612891854;Mark;
npc;Ilya;;ship;Holk;;
npc;Ilya;;cargo_total;0;units;
player;Johann;;city;Bergen;;
player;Johann;;money;3600166426;Mark;
player;Johann;;debt;0;Mark;
player;Johann;;reputation;199;;
player;Johann;;age;41;years;
player;Johann;;net_worth;3603209867;Mark;
player_mission;Johann;hanse_privileg;state;completed;;
player_mission;Johann;fleet_synergy;state;completed;;
player_mission;Johann;atheria_resonance;state;completed;;
player_mission;Johann;family_dynasty;state;completed;;
player_mission;Johann;brewmaster;state;completed;;
player_mission;Johann;timber_trade;state;completed;;
player_mission;Johann;route_master;state;completed;;
player_mission;Johann;arms_race;state;completed;;
player_mission;Johann;building_quests;state;inactive;;
player_building_quest;Johann;brewery;recipe_name;Brauerei;;
player_building_quest;Johann;brewery;tier;8;of_8;
player_building_quest;Johann;brewery;progress;0;units;
player_building_quest;Johann;brewery;state;completed;;
player_building_quest;Johann;salt_mine;recipe_name;Salzmine;;
player_building_quest;Johann;salt_mine;tier;8;of_8;
player_building_quest;Johann;salt_mine;progress;0;units;
player_building_quest;Johann;salt_mine;state;completed;;
player_building_quest;Johann;woodcutter;recipe_name;Holzfaeller;;
player_building_quest;Johann;woodcutter;tier;8;of_8;
player_building_quest;Johann;woodcutter;progress;0;units;
player_building_quest;Johann;woodcutter;state;completed;;
player_building_quest;Johann;fishery;recipe_name;Fischerei;;
player_building_quest;Johann;fishery;tier;8;of_8;
player_building_quest;Johann;fishery;progress;0;units;
player_building_quest;Johann;fishery;state;completed;;
player_building_quest;Johann;grain_farm;recipe_name;Getreidehof;;
player_building_quest;Johann;grain_farm;tier;6;of_8;
player_building_quest;Johann;grain_farm;progress;553;units;
player_building_quest;Johann;grain_farm;state;active;;
player_building_quest;Johann;winery;recipe_name;Weinkellerei;;
player_building_quest;Johann;winery;tier;8;of_8;
player_building_quest;Johann;winery;progress;0;units;
player_building_quest;Johann;winery;state;completed;;
player_building_quest;Johann;weavery;recipe_name;Weberei;;
player_building_quest;Johann;weavery;tier;8;of_8;
player_building_quest;Johann;weavery;progress;0;units;
player_building_quest;Johann;weavery;state;completed;;
player_building_quest;Johann;tannery;recipe_name;Gerberei;;
player_building_quest;Johann;tannery;tier;8;of_8;
player_building_quest;Johann;tannery;progress;0;units;
player_building_quest;Johann;tannery;state;completed;;
player_building_quest;Johann;hop_farm;recipe_name;Hopfenplantage;;
player_building_quest;Johann;hop_farm;tier;8;of_8;
player_building_quest;Johann;hop_farm;progress;0;units;
player_building_quest;Johann;hop_farm;state;completed;;
player_building_quest;Johann;tar_kiln;recipe_name;Teerbrennerei;;
player_building_quest;Johann;tar_kiln;tier;8;of_8;
player_building_quest;Johann;tar_kiln;progress;0;units;
player_building_quest;Johann;tar_kiln;state;completed;;
player_building_quest;Johann;grand_brewery;recipe_name;Grossbrauerei;;
player_building_quest;Johann;grand_brewery;tier;8;of_8;
player_building_quest;Johann;grand_brewery;progress;0;units;
player_building_quest;Johann;grand_brewery;state;completed;;
player_building_quest;Johann;spice_trade;recipe_name;Gewuerzhandel;;
player_building_quest;Johann;spice_trade;tier;8;of_8;
player_building_quest;Johann;spice_trade;progress;0;units;
player_building_quest;Johann;spice_trade;state;completed;;
player_building_quest;Johann;copper_mine;recipe_name;Kupfermine;;
player_building_quest;Johann;copper_mine;tier;8;of_8;
player_building_quest;Johann;copper_mine;progress;0;units;
player_building_quest;Johann;copper_mine;state;completed;;
player_building_quest;Johann;spice_refinery;recipe_name;Gewuerzraffinerie;;
player_building_quest;Johann;spice_refinery;tier;8;of_8;
player_building_quest;Johann;spice_refinery;progress;0;units;
player_building_quest;Johann;spice_refinery;state;completed;;
player_building_quest;Johann;tobacco_farm;recipe_name;Tabakplantage;;
player_building_quest;Johann;tobacco_farm;tier;8;of_8;
player_building_quest;Johann;tobacco_farm;progress;0;units;
player_building_quest;Johann;tobacco_farm;state;completed;;
player_building_quest;Johann;sugar_farm;recipe_name;Zuckerplantage;;
player_building_quest;Johann;sugar_farm;tier;8;of_8;
player_building_quest;Johann;sugar_farm;progress;0;units;
player_building_quest;Johann;sugar_farm;state;completed;;
player_building_quest;Johann;sugar_refinery;recipe_name;Zuckerraffinerie;;
player_building_quest;Johann;sugar_refinery;tier;8;of_8;
player_building_quest;Johann;sugar_refinery;progress;0;units;
player_building_quest;Johann;sugar_refinery;state;completed;;
player_building_quest;Johann;coffee_farm;recipe_name;Kaffeeplantage;;
player_building_quest;Johann;coffee_farm;tier;8;of_8;
player_building_quest;Johann;coffee_farm;progress;0;units;
player_building_quest;Johann;coffee_farm;state;completed;;
player_building_quest;Johann;cotton_farm;recipe_name;Baumwollfarm;;
player_building_quest;Johann;cotton_farm;tier;8;of_8;
player_building_quest;Johann;cotton_farm;progress;0;units;
player_building_quest;Johann;cotton_farm;state;completed;;
player_building_quest;Johann;textile_factory;recipe_name;Textilmanufaktur;;
player_building_quest;Johann;textile_factory;tier;8;of_8;
player_building_quest;Johann;textile_factory;progress;0;units;
player_building_quest;Johann;textile_factory;state;completed;;
player_building_quest;Johann;coal_mine;recipe_name;Kohlemine;;
player_building_quest;Johann;coal_mine;tier;8;of_8;
player_building_quest;Johann;coal_mine;progress;0;units;
player_building_quest;Johann;coal_mine;state;completed;;
player_building_quest;Johann;steel_mill;recipe_name;Stahlwerk;;
player_building_quest;Johann;steel_mill;tier;8;of_8;
player_building_quest;Johann;steel_mill;progress;0;units;
player_building_quest;Johann;steel_mill;state;completed;;
player_building_quest;Johann;refinery;recipe_name;Raffinerie;;
player_building_quest;Johann;refinery;tier;8;of_8;
player_building_quest;Johann;refinery;progress;0;units;
player_building_quest;Johann;refinery;state;completed;;
player_building_quest;Johann;electronics_factory;recipe_name;Elektronikfabrik;;
player_building_quest;Johann;electronics_factory;tier;8;of_8;
player_building_quest;Johann;electronics_factory;progress;0;units;
player_building_quest;Johann;electronics_factory;state;completed;;
player_building_quest;Johann;rare_earth_mine;recipe_name;Seltene Erden Mine;;
player_building_quest;Johann;rare_earth_mine;tier;8;of_8;
player_building_quest;Johann;rare_earth_mine;progress;0;units;
player_building_quest;Johann;rare_earth_mine;state;completed;;
player_building_quest;Johann;chip_factory;recipe_name;Chipfabrik;;
player_building_quest;Johann;chip_factory;tier;8;of_8;
player_building_quest;Johann;chip_factory;progress;0;units;
player_building_quest;Johann;chip_factory;state;completed;;
player_ship;Johann;1;name;Kogge;;
player_ship;Johann;1;city;Toensberg;;
player_ship;Johann;1;cargo_capacity;120;units;
player_ship;Johann;1;cargo_total;60;units;
player_ship;Johann;1;hull;98;%;
player_ship;Johann;1;rigging;98;%;
player_ship;Johann;1;cannons;23;count;
player_ship;Johann;2;name;Grosse Kogge;;
player_ship;Johann;2;city;Toensberg;;
player_ship;Johann;2;cargo_capacity;180;units;
player_ship;Johann;2;cargo_total;100;units;
player_ship;Johann;2;hull;92;%;
player_ship;Johann;2;rigging;93;%;
player_ship;Johann;2;cannons;23;count;
player_ship;Johann;3;name;Holk;;
player_ship;Johann;3;city;Novgorod;;
player_ship;Johann;3;cargo_capacity;230;units;
player_ship;Johann;3;cargo_total;20;units;
player_ship;Johann;3;hull;99;%;
player_ship;Johann;3;rigging;94;%;
player_ship;Johann;3;cannons;23;count;
player_ship;Johann;4;name;Kraier;;
player_ship;Johann;4;city;Bergen;;
player_ship;Johann;4;cargo_capacity;300;units;
player_ship;Johann;4;cargo_total;113;units;
player_ship;Johann;4;hull;94;%;
player_ship;Johann;4;rigging;91;%;
player_ship;Johann;4;cannons;23;count;
player_ship;Johann;5;name;Grosse Kogge;;
player_ship;Johann;5;city;Warberg;;
player_ship;Johann;5;cargo_capacity;180;units;
player_ship;Johann;5;cargo_total;180;units;
player_ship;Johann;5;hull;95;%;
player_ship;Johann;5;rigging;90;%;
player_ship;Johann;5;cannons;23;count;
player_ship;Johann;6;name;Holk;;
player_ship;Johann;6;city;Toensberg;;
player_ship;Johann;6;cargo_capacity;230;units;
player_ship;Johann;6;cargo_total;0;units;
player_ship;Johann;6;hull;92;%;
player_ship;Johann;6;rigging;94;%;
player_ship;Johann;6;cannons;23;count;
player_ship;Johann;7;name;Holk;;
player_ship;Johann;7;city;Toensberg;;
player_ship;Johann;7;cargo_capacity;230;units;
player_ship;Johann;7;cargo_total;192;units;
player_ship;Johann;7;hull;93;%;
player_ship;Johann;7;rigging;83;%;
player_ship;Johann;7;cannons;23;count;
player_ship;Johann;8;name;Grosse Kogge;;
player_ship;Johann;8;city;Malmoe;;
player_ship;Johann;8;cargo_capacity;180;units;
player_ship;Johann;8;cargo_total;180;units;
player_ship;Johann;8;hull;93;%;
player_ship;Johann;8;rigging;97;%;
player_ship;Johann;8;cannons;23;count;
player_ship;Johann;9;name;Kraier;;
player_ship;Johann;9;city;Riga;;
player_ship;Johann;9;cargo_capacity;300;units;
player_ship;Johann;9;cargo_total;300;units;
player_ship;Johann;9;hull;92;%;
player_ship;Johann;9;rigging;94;%;
player_ship;Johann;9;cannons;23;count;
player_ship;Johann;10;name;Kraier;;
player_ship;Johann;10;city;Toensberg;;
player_ship;Johann;10;cargo_capacity;300;units;
player_ship;Johann;10;cargo_total;65;units;
player_ship;Johann;10;hull;99;%;
player_ship;Johann;10;rigging;97;%;
player_ship;Johann;10;cannons;23;count;
player_ship;Johann;11;name;Kraier;;
player_ship;Johann;11;city;Visby;;
player_ship;Johann;11;cargo_capacity;300;units;
player_ship;Johann;11;cargo_total;300;units;
player_ship;Johann;11;hull;94;%;
player_ship;Johann;11;rigging;92;%;
player_ship;Johann;11;cannons;23;count;
player_ship;Johann;12;name;Kraier;;
player_ship;Johann;12;city;Toensberg;;
player_ship;Johann;12;cargo_capacity;300;units;
player_ship;Johann;12;cargo_total;100;units;
player_ship;Johann;12;hull;95;%;
player_ship;Johann;12;rigging;90;%;
player_ship;Johann;12;cannons;23;count;
player_ship;Johann;13;name;Kraier;;
player_ship;Johann;13;city;Warberg;;
player_ship;Johann;13;cargo_capacity;300;units;
player_ship;Johann;13;cargo_total;82;units;
player_ship;Johann;13;hull;91;%;
player_ship;Johann;13;rigging;90;%;
player_ship;Johann;13;cannons;23;count;
player_ship;Johann;14;name;Kraier;;
player_ship;Johann;14;city;Novgorod;;
player_ship;Johann;14;cargo_capacity;300;units;
player_ship;Johann;14;cargo_total;20;units;
player_ship;Johann;14;hull;91;%;
player_ship;Johann;14;rigging;92;%;
player_ship;Johann;14;cannons;23;count;
player_ship;Johann;15;name;Kraier;;
player_ship;Johann;15;city;Malmoe;;
player_ship;Johann;15;cargo_capacity;300;units;
player_ship;Johann;15;cargo_total;300;units;
player_ship;Johann;15;hull;93;%;
player_ship;Johann;15;rigging;97;%;
player_ship;Johann;15;cannons;23;count;
player_ship;Johann;16;name;Kraier;;
player_ship;Johann;16;city;Bergen;;
player_ship;Johann;16;cargo_capacity;300;units;
player_ship;Johann;16;cargo_total;20;units;
player_ship;Johann;16;hull;97;%;
player_ship;Johann;16;rigging;91;%;
player_ship;Johann;16;cannons;23;count;
player_ship;Johann;17;name;Kraier;;
player_ship;Johann;17;city;Luebeck;;
player_ship;Johann;17;cargo_capacity;300;units;
player_ship;Johann;17;cargo_total;20;units;
player_ship;Johann;17;hull;91;%;
player_ship;Johann;17;rigging;99;%;
player_ship;Johann;17;cannons;23;count;
player_ship;Johann;18;name;Kraier;;
player_ship;Johann;18;city;Bergen;;
player_ship;Johann;18;cargo_capacity;300;units;
player_ship;Johann;18;cargo_total;60;units;
player_ship;Johann;18;hull;91;%;
player_ship;Johann;18;rigging;94;%;
player_ship;Johann;18;cannons;23;count;
