section;entity;subentity;key;value;unit;note
snapshot;game;;year;1894;;
snapshot;game;;month;1;;
snapshot;game;;sea_state;bewegte See;;
atheria;macro;;global_growth;0.8545;;
atheria;macro;;global_price_level;1.1678;;
atheria;macro;;resource_scarcity;0.6200;;
city;Luebeck;;treasury;3471468494;Mark;
city;Luebeck;;bankrupt;0;;
city;Luebeck;;building_count;23;count;
city;Luebeck;;population;5000000;citizens;
city;Luebeck;;social_stability;100.00;;
city;Luebeck;;quality_of_life;100.00;;
city;Luebeck;;migration;968;citizens;
city;Luebeck;;tax_income;729750;Mark;
city;Luebeck;;political_influence;7627.69;;
city;Luebeck;;local_scarcity_relief;0.4940;;
city;Luebeck;;hazard_mitigation;0.5822;;
city;Luebeck;;storage_multiplier;1.00;;
city_inventory;Luebeck;Salz;stock;176022;units;
city_inventory;Luebeck;Salz;scarcity_factor;0.6200;;
city_inventory;Luebeck;Salz;market_price;39;Mark;
city_inventory;Luebeck;Holz;stock;112262;units;
city_inventory;Luebeck;Holz;scarcity_factor;0.6200;;
city_inventory;Luebeck;Holz;market_price;24;Mark;
city_inventory;Luebeck;Pelze;stock;110941;units;
city_inventory;Luebeck;Pelze;scarcity_factor;0.6200;;
city_inventory;Luebeck;Pelze;market_price;77;Mark;
city_inventory;Luebeck;Getreide;stock;7428;units;
city_inventory;Luebeck;Getreide;scarcity_factor;0.6200;;
city_inventory;Luebeck;Getreide;market_price;19;Mark;
city_inventory;Luebeck;Tuch;stock;237533;units;
city_inventory;Luebeck;Tuch;scarcity_factor;0.6200;;
city_inventory;Luebeck;Tuch;market_price;54;Mark;
city_inventory;Luebeck;Hering;stock;158418;units;
city_inventory;Luebeck;Hering;scarcity_factor;0.6200;;
city_inventory;Luebeck;Hering;market_price;30;Mark;
city_inventory;Luebeck;Wein;stock;119225;units;
city_inventory;Luebeck;Wein;scarcity_factor;0.6200;;
city_inventory;Luebeck;Wein;market_price;66;Mark;
city_inventory;Luebeck;Bier;stock;250862;units;
city_inventory;Luebeck;Bier;scarcity_factor;0.6200;;
city_inventory;Luebeck;Bier;market_price;28;Mark;
city_inventory;Luebeck;Hopfen;stock;153793;units;
city_inventory;Luebeck;Hopfen;scarcity_factor;0.6200;;
city_inventory;Luebeck;Hopfen;market_price;37;Mark;
city_inventory;Luebeck;Teer;stock;161552;units;
city_inventory;Luebeck;Teer;scarcity_factor;0.6200;;
city_inventory;Luebeck;Teer;market_price;62;Mark;
city_inventory;Luebeck;Gewuerze;stock;73965;units;
city_inventory;Luebeck;Gewuerze;scarcity_factor;0.6200;;
city_inventory;Luebeck;Gewuerze;market_price;115;Mark;
city_inventory;Luebeck;Kupfer;stock;86827;units;
city_inventory;Luebeck;Kupfer;scarcity_factor;0.6200;;
city_inventory;Luebeck;Kupfer;market_price;81;Mark;
city_inventory;Luebeck;Luxuswaren;stock;250862;units;
city_inventory;Luebeck;Luxuswaren;scarcity_factor;0.6200;;
city_inventory;Luebeck;Luxuswaren;market_price;148;Mark;
city_inventory;Luebeck;Tabak;stock;133511;units;
city_inventory;Luebeck;Tabak;scarcity_factor;0.6200;;
city_inventory;Luebeck;Tabak;market_price;108;Mark;
city_inventory;Luebeck;Zucker;stock;69429;units;
city_inventory;Luebeck;Zucker;scarcity_factor;0.6200;;
city_inventory;Luebeck;Zucker;market_price;92;Mark;
city_inventory;Luebeck;Kaffee;stock;73443;units;
city_inventory;Luebeck;Kaffee;scarcity_factor;0.6200;;
city_inventory;Luebeck;Kaffee;market_price;69;Mark;
city_inventory;Luebeck;Baumwolle;stock;49225;units;
city_inventory;Luebeck;Baumwolle;scarcity_factor;0.6200;;
city_inventory;Luebeck;Baumwolle;market_price;74;Mark;
city_inventory;Luebeck;Kohle;stock;18405;units;
city_inventory;Luebeck;Kohle;scarcity_factor;0.6200;;
city_inventory;Luebeck;Kohle;market_price;67;Mark;
city_inventory;Luebeck;Stahl;stock;38989;units;
city_inventory;Luebeck;Stahl;scarcity_factor;0.6200;;
city_inventory;Luebeck;Stahl;market_price;120;Mark;
building;Luebeck;1;id;brewery;;
building;Luebeck;1;name;Brauerei;;
building;Luebeck;1;level;7;;
building;Luebeck;1;active;1;;
building;Luebeck;1;can_run_now;1;;
building;Luebeck;1;inputs;"{""Getreide"": 4, ""Holz"": 1}";;
building;Luebeck;1;outputs;"{""Bier"": 6}";;
building;Luebeck;2;id;fishery;;
building;Luebeck;2;name;Fischerei;;
building;Luebeck;2;level;7;;
building;Luebeck;2;active;1;;
building;Luebeck;2;can_run_now;1;;
building;Luebeck;2;inputs;{};;
building;Luebeck;2;outputs;"{""Hering"": 4}";;
building;Luebeck;3;id;grain_farm;;
building;Luebeck;3;name;Getreidehof;;
building;Luebeck;3;level;7;;
building;Luebeck;3;active;1;;
building;Luebeck;3;can_run_now;1;;
building;Luebeck;3;inputs;{};;
building;Luebeck;3;outputs;"{""Getreide"": 5}";;
building;Luebeck;4;id;salt_mine;;
building;Luebeck;4;name;Salzmine;;
building;Luebeck;4;level;7;;
building;Luebeck;4;active;1;;
building;Luebeck;4;can_run_now;1;;
building;Luebeck;4;inputs;{};;
building;Luebeck;4;outputs;"{""Salz"": 5}";;
building;Luebeck;5;id;tannery;;
building;Luebeck;5;name;Gerberei;;
building;Luebeck;5;level;7;;
building;Luebeck;5;active;1;;
building;Luebeck;5;can_run_now;1;;
building;Luebeck;5;inputs;"{""Salz"": 1}";;
building;Luebeck;5;outputs;"{""Pelze"": 2}";;
building;Luebeck;6;id;weavery;;
building;Luebeck;6;name;Weberei;;
building;Luebeck;6;level;7;;
building;Luebeck;6;active;1;;
building;Luebeck;6;can_run_now;1;;
building;Luebeck;6;inputs;"{""Holz"": 2}";;
building;Luebeck;6;outputs;"{""Tuch"": 3}";;
building;Luebeck;7;id;winery;;
building;Luebeck;7;name;Weinkellerei;;
building;Luebeck;7;level;7;;
building;Luebeck;7;active;1;;
building;Luebeck;7;can_run_now;1;;
building;Luebeck;7;inputs;"{""Getreide"": 3}";;
building;Luebeck;7;outputs;"{""Wein"": 3}";;
building;Luebeck;8;id;woodcutter;;
building;Luebeck;8;name;Holzfaeller;;
building;Luebeck;8;level;7;;
building;Luebeck;8;active;1;;
building;Luebeck;8;can_run_now;1;;
building;Luebeck;8;inputs;{};;
building;Luebeck;8;outputs;"{""Holz"": 6}";;
building;Luebeck;9;id;grand_brewery;;
building;Luebeck;9;name;Grossbrauerei;;
building;Luebeck;9;level;7;;
building;Luebeck;9;active;1;;
building;Luebeck;9;can_run_now;1;;
building;Luebeck;9;inputs;"{""Getreide"": 4, ""Hopfen"": 2, ""Holz"": 1}";;
building;Luebeck;9;outputs;"{""Bier"": 10}";;
building;Luebeck;10;id;hop_farm;;
building;Luebeck;10;name;Hopfenplantage;;
building;Luebeck;10;level;7;;
building;Luebeck;10;active;1;;
building;Luebeck;10;can_run_now;1;;
building;Luebeck;10;inputs;{};;
building;Luebeck;10;outputs;"{""Hopfen"": 5}";;
building;Luebeck;11;id;tar_kiln;;
building;Luebeck;11;name;Teerbrennerei;;
building;Luebeck;11;level;7;;
building;Luebeck;11;active;1;;
building;Luebeck;11;can_run_now;1;;
building;Luebeck;11;inputs;"{""Holz"": 3}";;
building;Luebeck;11;outputs;"{""Teer"": 4}";;
building;Luebeck;12;id;copper_mine;;
building;Luebeck;12;name;Kupfermine;;
building;Luebeck;12;level;7;;
building;Luebeck;12;active;1;;
building;Luebeck;12;can_run_now;1;;
building;Luebeck;12;inputs;{};;
building;Luebeck;12;outputs;"{""Kupfer"": 4}";;
building;Luebeck;13;id;spice_refinery;;
building;Luebeck;13;name;Gewuerzraffinerie;;
building;Luebeck;13;level;7;;
building;Luebeck;13;active;1;;
building;Luebeck;13;can_run_now;1;;
building;Luebeck;13;inputs;"{""Gewuerze"": 4}";;
building;Luebeck;13;outputs;"{""Luxuswaren"": 6}";;
building;Luebeck;14;id;spice_trade;;
building;Luebeck;14;name;Gewuerzhandel;;
building;Luebeck;14;level;7;;
building;Luebeck;14;active;1;;
building;Luebeck;14;can_run_now;1;;
building;Luebeck;14;inputs;{};;
building;Luebeck;14;outputs;"{""Gewuerze"": 4}";;
building;Luebeck;15;id;sugar_farm;;
building;Luebeck;15;name;Zuckerplantage;;
building;Luebeck;15;level;7;;
building;Luebeck;15;active;1;;
building;Luebeck;15;can_run_now;1;;
building;Luebeck;15;inputs;{};;
building;Luebeck;15;outputs;"{""Zucker"": 5}";;
building;Luebeck;16;id;sugar_refinery;;
building;Luebeck;16;name;Zuckerraffinerie;;
building;Luebeck;16;level;7;;
building;Luebeck;16;active;1;;
building;Luebeck;16;can_run_now;1;;
building;Luebeck;16;inputs;"{""Zucker"": 5}";;
building;Luebeck;16;outputs;"{""Luxuswaren"": 6}";;
building;Luebeck;17;id;tobacco_farm;;
building;Luebeck;17;name;Tabakplantage;;
building;Luebeck;17;level;7;;
building;Luebeck;17;active;1;;
building;Luebeck;17;can_run_now;1;;
building;Luebeck;17;inputs;{};;
building;Luebeck;17;outputs;"{""Tabak"": 5}";;
building;Luebeck;18;id;coffee_farm;;
building;Luebeck;18;name;Kaffeeplantage;;
building;Luebeck;18;level;7;;
building;Luebeck;18;active;1;;
building;Luebeck;18;can_run_now;1;;
building;Luebeck;18;inputs;{};;
building;Luebeck;18;outputs;"{""Kaffee"": 5}";;
building;Luebeck;19;id;cotton_farm;;
building;Luebeck;19;name;Baumwollfarm;;
building;Luebeck;19;level;7;;
building;Luebeck;19;active;1;;
building;Luebeck;19;can_run_now;1;;
building;Luebeck;19;inputs;{};;
building;Luebeck;19;outputs;"{""Baumwolle"": 5}";;
building;Luebeck;20;id;textile_factory;;
building;Luebeck;20;name;Textilmanufaktur;;
building;Luebeck;20;level;7;;
building;Luebeck;20;active;1;;
building;Luebeck;20;can_run_now;1;;
building;Luebeck;20;inputs;"{""Baumwolle"": 5}";;
building;Luebeck;20;outputs;"{""Tuch"": 7}";;
building;Luebeck;21;id;coal_mine;;
building;Luebeck;21;name;Kohlemine;;
building;Luebeck;21;level;7;;
building;Luebeck;21;active;1;;
building;Luebeck;21;can_run_now;1;;
building;Luebeck;21;inputs;{};;
building;Luebeck;21;outputs;"{""Kohle"": 6}";;
building;Luebeck;22;id;refinery;;
building;Luebeck;22;name;Raffinerie;;
building;Luebeck;22;level;7;;
building;Luebeck;22;active;1;;
building;Luebeck;22;can_run_now;1;;
building;Luebeck;22;inputs;"{""Kohle"": 5}";;
building;Luebeck;22;outputs;"{""Treibstoff"": 6}";;
building;Luebeck;23;id;steel_mill;;
building;Luebeck;23;name;Stahlwerk;;
building;Luebeck;23;level;7;;
building;Luebeck;23;active;1;;
building;Luebeck;23;can_run_now;1;;
building;Luebeck;23;inputs;"{""Kohle"": 4, ""Kupfer"": 2}";;
building;Luebeck;23;outputs;"{""Stahl"": 5}";;
city;Bergen;;treasury;3462734441;Mark;
city;Bergen;;bankrupt;0;;
city;Bergen;;building_count;23;count;
city;Bergen;;population;5000000;citizens;
city;Bergen;;social_stability;100.00;;
city;Bergen;;quality_of_life;100.00;;
city;Bergen;;migration;-407;citizens;
city;Bergen;;tax_income;729750;Mark;
city;Bergen;;political_influence;7627.69;;
city;Bergen;;local_scarcity_relief;0.0000;;
city;Bergen;;hazard_mitigation;0.0000;;
city;Bergen;;storage_multiplier;1.00;;
city_inventory;Bergen;Salz;stock;200870;units;
city_inventory;Bergen;Salz;scarcity_factor;0.7800;;
city_inventory;Bergen;Salz;market_price;58;Mark;
city_inventory;Bergen;Holz;stock;109869;units;
city_inventory;Bergen;Holz;scarcity_factor;0.7800;;
city_inventory;Bergen;Holz;market_price;30;Mark;
city_inventory;Bergen;Pelze;stock;258;units;
city_inventory;Bergen;Pelze;scarcity_factor;0.9240;;
city_inventory;Bergen;Pelze;market_price;96;Mark;
city_inventory;Bergen;Getreide;stock;7830;units;
city_inventory;Bergen;Getreide;scarcity_factor;0.7800;;
city_inventory;Bergen;Getreide;market_price;33;Mark;
city_inventory;Bergen;Tuch;stock;250862;units;
city_inventory;Bergen;Tuch;scarcity_factor;0.7800;;
city_inventory;Bergen;Tuch;market_price;71;Mark;
city_inventory;Bergen;Hering;stock;153439;units;
city_inventory;Bergen;Hering;scarcity_factor;0.7800;;
city_inventory;Bergen;Hering;market_price;27;Mark;
city_inventory;Bergen;Wein;stock;250862;units;
city_inventory;Bergen;Wein;scarcity_factor;0.7800;;
city_inventory;Bergen;Wein;market_price;95;Mark;
city_inventory;Bergen;Bier;stock;250862;units;
city_inventory;Bergen;Bier;scarcity_factor;0.7800;;
city_inventory;Bergen;Bier;market_price;35;Mark;
city_inventory;Bergen;Hopfen;stock;87195;units;
city_inventory;Bergen;Hopfen;scarcity_factor;0.7800;;
city_inventory;Bergen;Hopfen;market_price;57;Mark;
city_inventory;Bergen;Teer;stock;117026;units;
city_inventory;Bergen;Teer;scarcity_factor;0.7800;;
city_inventory;Bergen;Teer;market_price;74;Mark;
city_inventory;Bergen;Gewuerze;stock;250862;units;
city_inventory;Bergen;Gewuerze;scarcity_factor;0.7800;;
city_inventory;Bergen;Gewuerze;market_price;184;Mark;
city_inventory;Bergen;Kupfer;stock;2995;units;
city_inventory;Bergen;Kupfer;scarcity_factor;0.7800;;
city_inventory;Bergen;Kupfer;market_price;104;Mark;
city_inventory;Bergen;Luxuswaren;stock;5960;units;
city_inventory;Bergen;Luxuswaren;scarcity_factor;0.7800;;
city_inventory;Bergen;Luxuswaren;market_price;164;Mark;
city_inventory;Bergen;Tabak;stock;250862;units;
city_inventory;Bergen;Tabak;scarcity_factor;0.7800;;
city_inventory;Bergen;Tabak;market_price;120;Mark;
city_inventory;Bergen;Zucker;stock;47260;units;
city_inventory;Bergen;Zucker;scarcity_factor;0.7800;;
city_inventory;Bergen;Zucker;market_price;133;Mark;
city_inventory;Bergen;Kaffee;stock;1050;units;
city_inventory;Bergen;Kaffee;scarcity_factor;0.7800;;
city_inventory;Bergen;Kaffee;market_price;92;Mark;
city_inventory;Bergen;Baumwolle;stock;2088;units;
city_inventory;Bergen;Baumwolle;scarcity_factor;0.7800;;
city_inventory;Bergen;Baumwolle;market_price;97;Mark;
city_inventory;Bergen;Kohle;stock;56713;units;
city_inventory;Bergen;Kohle;scarcity_factor;0.7800;;
city_inventory;Bergen;Kohle;market_price;107;Mark;
city_inventory;Bergen;Stahl;stock;57080;units;
city_inventory;Bergen;Stahl;scarcity_factor;0.7800;;
city_inventory;Bergen;Stahl;market_price;164;Mark;
building;Bergen;1;id;brewery;;
building;Bergen;1;name;Brauerei;;
building;Bergen;1;level;7;;
building;Bergen;1;active;1;;
building;Bergen;1;can_run_now;1;;
building;Bergen;1;inputs;"{""Getreide"": 4, ""Holz"": 1}";;
building;Bergen;1;outputs;"{""Bier"": 6}";;
building;Bergen;2;id;fishery;;
building;Bergen;2;name;Fischerei;;
building;Bergen;2;level;7;;
building;Bergen;2;active;1;;
building;Bergen;2;can_run_now;1;;
building;Bergen;2;inputs;{};;
building;Bergen;2;outputs;"{""Hering"": 4}";;
building;Bergen;3;id;grain_farm;;
building;Bergen;3;name;Getreidehof;;
building;Bergen;3;level;7;;
building;Bergen;3;active;1;;
building;Bergen;3;can_run_now;1;;
building;Bergen;3;inputs;{};;
building;Bergen;3;outputs;"{""Getreide"": 5}";;
building;Bergen;4;id;salt_mine;;
building;Bergen;4;name;Salzmine;;
building;Bergen;4;level;7;;
building;Bergen;4;active;1;;
building;Bergen;4;can_run_now;1;;
building;Bergen;4;inputs;{};;
building;Bergen;4;outputs;"{""Salz"": 5}";;
building;Bergen;5;id;tannery;;
building;Bergen;5;name;Gerberei;;
building;Bergen;5;level;7;;
building;Bergen;5;active;1;;
building;Bergen;5;can_run_now;1;;
building;Bergen;5;inputs;"{""Salz"": 1}";;
building;Bergen;5;outputs;"{""Pelze"": 2}";;
building;Bergen;6;id;weavery;;
building;Bergen;6;name;Weberei;;
building;Bergen;6;level;7;;
building;Bergen;6;active;1;;
building;Bergen;6;can_run_now;1;;
building;Bergen;6;inputs;"{""Holz"": 2}";;
building;Bergen;6;outputs;"{""Tuch"": 3}";;
building;Bergen;7;id;winery;;
building;Bergen;7;name;Weinkellerei;;
building;Bergen;7;level;7;;
building;Bergen;7;active;1;;
building;Bergen;7;can_run_now;1;;
building;Bergen;7;inputs;"{""Getreide"": 3}";;
building;Bergen;7;outputs;"{""Wein"": 3}";;
building;Bergen;8;id;woodcutter;;
building;Bergen;8;name;Holzfaeller;;
building;Bergen;8;level;7;;
building;Bergen;8;active;1;;
building;Bergen;8;can_run_now;1;;
building;Bergen;8;inputs;{};;
building;Bergen;8;outputs;"{""Holz"": 6}";;
building;Bergen;9;id;grand_brewery;;
building;Bergen;9;name;Grossbrauerei;;
building;Bergen;9;level;7;;
building;Bergen;9;active;1;;
building;Bergen;9;can_run_now;1;;
building;Bergen;9;inputs;"{""Getreide"": 4, ""Hopfen"": 2, ""Holz"": 1}";;
building;Bergen;9;outputs;"{""Bier"": 10}";;
building;Bergen;10;id;hop_farm;;
building;Bergen;10;name;Hopfenplantage;;
building;Bergen;10;level;7;;
building;Bergen;10;active;1;;
building;Bergen;10;can_run_now;1;;
building;Bergen;10;inputs;{};;
building;Bergen;10;outputs;"{""Hopfen"": 5}";;
building;Bergen;11;id;tar_kiln;;
building;Bergen;11;name;Teerbrennerei;;
building;Bergen;11;level;7;;
building;Bergen;11;active;1;;
building;Bergen;11;can_run_now;1;;
building;Bergen;11;inputs;"{""Holz"": 3}";;
building;Bergen;11;outputs;"{""Teer"": 4}";;
building;Bergen;12;id;copper_mine;;
building;Bergen;12;name;Kupfermine;;
building;Bergen;12;level;7;;
building;Bergen;12;active;1;;
building;Bergen;12;can_run_now;1;;
building;Bergen;12;inputs;{};;
building;Bergen;12;outputs;"{""Kupfer"": 4}";;
building;Bergen;13;id;spice_refinery;;
building;Bergen;13;name;Gewuerzraffinerie;;
building;Bergen;13;level;7;;
building;Bergen;13;active;1;;
building;Bergen;13;can_run_now;1;;
building;Bergen;13;inputs;"{""Gewuerze"": 4}";;
building;Bergen;13;outputs;"{""Luxuswaren"": 6}";;
building;Bergen;14;id;spice_trade;;
building;Bergen;14;name;Gewuerzhandel;;
building;Bergen;14;level;7;;
building;Bergen;14;active;1;;
building;Bergen;14;can_run_now;1;;
building;Bergen;14;inputs;{};;
building;Bergen;14;outputs;"{""Gewuerze"": 4}";;
building;Bergen;15;id;sugar_farm;;
building;Bergen;15;name;Zuckerplantage;;
building;Bergen;15;level;7;;
building;Bergen;15;active;1;;
building;Bergen;15;can_run_now;1;;
building;Bergen;15;inputs;{};;
building;Bergen;15;outputs;"{""Zucker"": 5}";;
building;Bergen;16;id;sugar_refinery;;
building;Bergen;16;name;Zuckerraffinerie;;
building;Bergen;16;level;7;;
building;Bergen;16;active;1;;
building;Bergen;16;can_run_now;1;;
building;Bergen;16;inputs;"{""Zucker"": 5}";;
building;Bergen;16;outputs;"{""Luxuswaren"": 6}";;
building;Bergen;17;id;tobacco_farm;;
building;Bergen;17;name;Tabakplantage;;
building;Bergen;17;level;7;;
building;Bergen;17;active;1;;
building;Bergen;17;can_run_now;1;;
building;Bergen;17;inputs;{};;
building;Bergen;17;outputs;"{""Tabak"": 5}";;
building;Bergen;18;id;coffee_farm;;
building;Bergen;18;name;Kaffeeplantage;;
building;Bergen;18;level;7;;
building;Bergen;18;active;1;;
building;Bergen;18;can_run_now;1;;
building;Bergen;18;inputs;{};;
building;Bergen;18;outputs;"{""Kaffee"": 5}";;
building;Bergen;19;id;cotton_farm;;
building;Bergen;19;name;Baumwollfarm;;
building;Bergen;19;level;7;;
building;Bergen;19;active;1;;
building;Bergen;19;can_run_now;1;;
building;Bergen;19;inputs;{};;
building;Bergen;19;outputs;"{""Baumwolle"": 5}";;
building;Bergen;20;id;textile_factory;;
building;Bergen;20;name;Textilmanufaktur;;
building;Bergen;20;level;7;;
building;Bergen;20;active;1;;
building;Bergen;20;can_run_now;1;;
building;Bergen;20;inputs;"{""Baumwolle"": 5}";;
building;Bergen;20;outputs;"{""Tuch"": 7}";;
building;Bergen;21;id;coal_mine;;
building;Bergen;21;name;Kohlemine;;
building;Bergen;21;level;7;;
building;Bergen;21;active;1;;
building;Bergen;21;can_run_now;1;;
building;Bergen;21;inputs;{};;
building;Bergen;21;outputs;"{""Kohle"": 6}";;
building;Bergen;22;id;refinery;;
building;Bergen;22;name;Raffinerie;;
building;Bergen;22;level;7;;
building;Bergen;22;active;1;;
building;Bergen;22;can_run_now;1;;
building;Bergen;22;inputs;"{""Kohle"": 5}";;
building;Bergen;22;outputs;"{""Treibstoff"": 6}";;
building;Bergen;23;id;steel_mill;;
building;Bergen;23;name;Stahlwerk;;
building;Bergen;23;level;7;;
building;Bergen;23;active;1;;
building;Bergen;23;can_run_now;1;;
building;Bergen;23;inputs;"{""Kohle"": 4, ""Kupfer"": 2}";;
building;Bergen;23;outputs;"{""Stahl"": 5}";;
city;Toensberg;;treasury;3463148419;Mark;
city;Toensberg;;bankrupt;0;;
city;Toensberg;;building_count;23;count;
city;Toensberg;;population;5000000;citizens;
city;Toensberg;;social_stability;100.00;;
city;Toensberg;;quality_of_life;100.00;;
city;Toensberg;;migration;-407;citizens;
city;Toensberg;;tax_income;729750;Mark;
city;Toensberg;;political_influence;7627.69;;
city;Toensberg;;local_scarcity_relief;0.0000;;
city;Toensberg;;hazard_mitigation;0.0000;;
city;Toensberg;;storage_multiplier;1.00;;
city_inventory;Toensberg;Salz;stock;144844;units;
city_inventory;Toensberg;Salz;scarcity_factor;0.7800;;
city_inventory;Toensberg;Salz;market_price;63;Mark;
city_inventory;Toensberg;Holz;stock;104409;units;
city_inventory;Toensberg;Holz;scarcity_factor;0.7800;;
city_inventory;Toensberg;Holz;market_price;30;Mark;
city_inventory;Toensberg;Pelze;stock;558;units;
city_inventory;Toensberg;Pelze;scarcity_factor;0.7800;;
city_inventory;Toensberg;Pelze;market_price;87;Mark;
city_inventory;Toensberg;Getreide;stock;7656;units;
city_inventory;Toensberg;Getreide;scarcity_factor;0.7800;;
city_inventory;Toensberg;Getreide;market_price;33;Mark;
city_inventory;Toensberg;Tuch;stock;228150;units;
city_inventory;Toensberg;Tuch;scarcity_factor;0.7800;;
city_inventory;Toensberg;Tuch;market_price;88;Mark;
city_inventory;Toensberg;Hering;stock;144933;units;
city_inventory;Toensberg;Hering;scarcity_factor;0.7800;;
city_inventory;Toensberg;Hering;market_price;30;Mark;
city_inventory;Toensberg;Wein;stock;124415;units;
city_inventory;Toensberg;Wein;scarcity_factor;0.7800;;
city_inventory;Toensberg;Wein;market_price;91;Mark;
city_inventory;Toensberg;Bier;stock;250862;units;
city_inventory;Toensberg;Bier;scarcity_factor;0.7800;;
city_inventory;Toensberg;Bier;market_price;33;Mark;
city_inventory;Toensberg;Hopfen;stock;250862;units;
city_inventory;Toensberg;Hopfen;scarcity_factor;0.7800;;
city_inventory;Toensberg;Hopfen;market_price;69;Mark;
city_inventory;Toensberg;Teer;stock;148702;units;
city_inventory;Toensberg;Teer;scarcity_factor;0.7800;;
city_inventory;Toensberg;Teer;market_price;87;Mark;
city_inventory;Toensberg;Gewuerze;stock;7900;units;
city_inventory;Toensberg;Gewuerze;scarcity_factor;0.7800;;
city_inventory;Toensberg;Gewuerze;market_price;133;Mark;
city_inventory;Toensberg;Kupfer;stock;3066;units;
city_inventory;Toensberg;Kupfer;scarcity_factor;0.7800;;
city_inventory;Toensberg;Kupfer;market_price;115;Mark;
city_inventory;Toensberg;Luxuswaren;stock;250862;units;
city_inventory;Toensberg;Luxuswaren;scarcity_factor;0.7800;;
city_inventory;Toensberg;Luxuswaren;market_price;204;Mark;
city_inventory;Toensberg;Tabak;stock;250862;units;
city_inventory;Toensberg;Tabak;scarcity_factor;0.7800;;
city_inventory;Toensberg;Tabak;market_price;121;Mark;
city_inventory;Toensberg;Zucker;stock;148567;units;
city_inventory;Toensberg;Zucker;scarcity_factor;0.7800;;
city_inventory;Toensberg;Zucker;market_price;158;Mark;
city_inventory;Toensberg;Kaffee;stock;450;units;
city_inventory;Toensberg;Kaffee;scarcity_factor;0.7800;;
city_inventory;Toensberg;Kaffee;market_price;114;Mark;
city_inventory;Toensberg;Baumwolle;stock;60427;units;
city_inventory;Toensberg;Baumwolle;scarcity_factor;0.7800;;
city_inventory;Toensberg;Baumwolle;market_price;125;Mark;
city_inventory;Toensberg;Kohle;stock;1269;units;
city_inventory;Toensberg;Kohle;scarcity_factor;0.7800;;
city_inventory;Toensberg;Kohle;market_price;92;Mark;
city_inventory;Toensberg;Stahl;stock;13743;units;
city_inventory;Toensberg;Stahl;scarcity_factor;0.7800;;
city_inventory;Toensberg;Stahl;market_price;194;Mark;
building;Toensberg;1;id;brewery;;
building;Toensberg;1;name;Brauerei;;
building;Toensberg;1;level;7;;
building;Toensberg;1;active;1;;
building;Toensberg;1;can_run_now;1;;
building;Toensberg;1;inputs;"{""Getreide"": 4, ""Holz"": 1}";;
building;Toensberg;1;outputs;"{""Bier"": 6}";;
building;Toensberg;2;id;fishery;;
building;Toensberg;2;name;Fischerei;;
building;Toensberg;2;level;7;;
building;Toensberg;2;active;1;;
building;Toensberg;2;can_run_now;1;;
building;Toensberg;2;inputs;{};;
building;Toensberg;2;outputs;"{""Hering"": 4}";;
building;Toensberg;3;id;grain_farm;;
building;Toensberg;3;name;Getreidehof;;
building;Toensberg;3;level;7;;
building;Toensberg;3;active;1;;
building;Toensberg;3;can_run_now;1;;
building;Toensberg;3;inputs;{};;
building;Toensberg;3;outputs;"{""Getreide"": 5}";;
building;Toensberg;4;id;salt_mine;;
building;Toensberg;4;name;Salzmine;;
building;Toensberg;4;level;7;;
building;Toensberg;4;active;1;;
building;Toensberg;4;can_run_now;1;;
building;Toensberg;4;inputs;{};;
building;Toensberg;4;outputs;"{""Salz"": 5}";;
building;Toensberg;5;id;tannery;;
building;Toensberg;5;name;Gerberei;;
building;Toensberg;5;level;7;;
building;Toensberg;5;active;1;;
building;Toensberg;5;can_run_now;1;;
building;Toensberg;5;inputs;"{""Salz"": 1}";;
building;Toensberg;5;outputs;"{""Pelze"": 2}";;
building;Toensberg;6;id;weavery;;
building;Toensberg;6;name;Weberei;;
building;Toensberg;6;level;7;;
building;Toensberg;6;active;1;;
building;Toensberg;6;can_run_now;1;;
building;Toensberg;6;inputs;"{""Holz"": 2}";;
building;Toensberg;6;outputs;"{""Tuch"": 3}";;
building;Toensberg;7;id;winery;;
building;Toensberg;7;name;Weinkellerei;;
building;Toensberg;7;level;7;;
building;Toensberg;7;active;1;;
building;Toensberg;7;can_run_now;1;;
building;Toensberg;7;inputs;"{""Getreide"": 3}";;
building;Toensberg;7;outputs;"{""Wein"": 3}";;
building;Toensberg;8;id;woodcutter;;
building;Toensberg;8;name;Holzfaeller;;
building;Toensberg;8;level;7;;
building;Toensberg;8;active;1;;
building;Toensberg;8;can_run_now;1;;
building;Toensberg;8;inputs;{};;
building;Toensberg;8;outputs;"{""Holz"": 6}";;
building;Toensberg;9;id;grand_brewery;;
building;Toensberg;9;name;Grossbrauerei;;
building;Toensberg;9;level;7;;
building;Toensberg;9;active;1;;
building;Toensberg;9;can_run_now;1;;
building;Toensberg;9;inputs;"{""Getreide"": 4, ""Hopfen"": 2, ""Holz"": 1}";;
building;Toensberg;9;outputs;"{""Bier"": 10}";;
building;Toensberg;10;id;hop_farm;;
building;Toensberg;10;name;Hopfenplantage;;
building;Toensberg;10;level;7;;
building;Toensberg;10;active;1;;
building;Toensberg;10;can_run_now;1;;
building;Toensberg;10;inputs;{};;
building;Toensberg;10;outputs;"{""Hopfen"": 5}";;
building;Toensberg;11;id;tar_kiln;;
building;Toensberg;11;name;Teerbrennerei;;
building;Toensberg;11;level;7;;
building;Toensberg;11;active;1;;
building;Toensberg;11;can_run_now;1;;
building;Toensberg;11;inputs;"{""Holz"": 3}";;
building;Toensberg;11;outputs;"{""Teer"": 4}";;
building;Toensberg;12;id;copper_mine;;
building;Toensberg;12;name;Kupfermine;;
building;Toensberg;12;level;7;;
building;Toensberg;12;active;1;;
building;Toensberg;12;can_run_now;1;;
building;Toensberg;12;inputs;{};;
building;Toensberg;12;outputs;"{""Kupfer"": 4}";;
building;Toensberg;13;id;spice_refinery;;
building;Toensberg;13;name;Gewuerzraffinerie;;
building;Toensberg;13;level;7;;
building;Toensberg;13;active;1;;
building;Toensberg;13;can_run_now;1;;
building;Toensberg;13;inputs;"{""Gewuerze"": 4}";;
building;Toensberg;13;outputs;"{""Luxuswaren"": 6}";;
building;Toensberg;14;id;spice_trade;;
building;Toensberg;14;name;Gewuerzhandel;;
building;Toensberg;14;level;7;;
building;Toensberg;14;active;1;;
building;Toensberg;14;can_run_now;1;;
building;Toensberg;14;inputs;{};;
building;Toensberg;14;outputs;"{""Gewuerze"": 4}";;
building;Toensberg;15;id;sugar_farm;;
building;Toensberg;15;name;Zuckerplantage;;
building;Toensberg;15;level;7;;
building;Toensberg;15;active;1;;
building;Toensberg;15;can_run_now;1;;
building;Toensberg;15;inputs;{};;
building;Toensberg;15;outputs;"{""Zucker"": 5}";;
building;Toensberg;16;id;sugar_refinery;;
building;Toensberg;16;name;Zuckerraffinerie;;
building;Toensberg;16;level;7;;
building;Toensberg;16;active;1;;
building;Toensberg;16;can_run_now;1;;
building;Toensberg;16;inputs;"{""Zucker"": 5}";;
building;Toensberg;16;outputs;"{""Luxuswaren"": 6}";;
building;Toensberg;17;id;tobacco_farm;;
building;Toensberg;17;name;Tabakplantage;;
building;Toensberg;17;level;7;;
building;Toensberg;17;active;1;;
building;Toensberg;17;can_run_now;1;;
building;Toensberg;17;inputs;{};;
building;Toensberg;17;outputs;"{""Tabak"": 5}";;
building;Toensberg;18;id;coffee_farm;;
building;Toensberg;18;name;Kaffeeplantage;;
building;Toensberg;18;level;7;;
building;Toensberg;18;active;1;;
building;Toensberg;18;can_run_now;1;;
building;Toensberg;18;inputs;{};;
building;Toensberg;18;outputs;"{""Kaffee"": 5}";;
building;Toensberg;19;id;cotton_farm;;
building;Toensberg;19;name;Baumwollfarm;;
building;Toensberg;19;level;7;;
building;Toensberg;19;active;1;;
building;Toensberg;19;can_run_now;1;;
building;Toensberg;19;inputs;{};;
building;Toensberg;19;outputs;"{""Baumwolle"": 5}";;
building;Toensberg;20;id;textile_factory;;
building;Toensberg;20;name;Textilmanufaktur;;
building;Toensberg;20;level;7;;
building;Toensberg;20;active;1;;
building;Toensberg;20;can_run_now;1;;
building;Toensberg;20;inputs;"{""Baumwolle"": 5}";;
building;Toensberg;20;outputs;"{""Tuch"": 7}";;
building;Toensberg;21;id;coal_mine;;
building;Toensberg;21;name;Kohlemine;;
building;Toensberg;21;level;7;;
building;Toensberg;21;active;1;;
building;Toensberg;21;can_run_now;1;;
building;Toensberg;21;inputs;{};;
building;Toensberg;21;outputs;"{""Kohle"": 6}";;
building;Toensberg;22;id;refinery;;
building;Toensberg;22;name;Raffinerie;;
building;Toensberg;22;level;7;;
building;Toensberg;22;active;1;;
building;Toensberg;22;can_run_now;1;;
building;Toensberg;22;inputs;"{""Kohle"": 5}";;
building;Toensberg;22;outputs;"{""Treibstoff"": 6}";;
building;Toensberg;23;id;steel_mill;;
building;Toensberg;23;name;Stahlwerk;;
building;Toensberg;23;level;7;;
building;Toensberg;23;active;1;;
building;Toensberg;23;can_run_now;1;;
building;Toensberg;23;inputs;"{""Kohle"": 4, ""Kupfer"": 2}";;
building;Toensberg;23;outputs;"{""Stahl"": 5}";;
city;Warberg;;treasury;3459052830;Mark;
city;Warberg;;bankrupt;0;;
city;Warberg;;building_count;23;count;
city;Warberg;;population;5000000;citizens;
city;Warberg;;social_stability;100.00;;
city;Warberg;;quality_of_life;100.00;;
city;Warberg;;migration;-407;citizens;
city;Warberg;;tax_income;729750;Mark;
city;Warberg;;political_influence;7627.69;;
city;Warberg;;local_scarcity_relief;0.0000;;
city;Warberg;;hazard_mitigation;0.0000;;
city;Warberg;;storage_multiplier;1.00;;
city_inventory;Warberg;Salz;stock;161409;units;
city_inventory;Warberg;Salz;scarcity_factor;0.7800;;
city_inventory;Warberg;Salz;market_price;51;Mark;
city_inventory;Warberg;Holz;stock;125028;units;
city_inventory;Warberg;Holz;scarcity_factor;0.7800;;
city_inventory;Warberg;Holz;market_price;30;Mark;
city_inventory;Warberg;Pelze;stock;67223;units;
city_inventory;Warberg;Pelze;scarcity_factor;0.7800;;
city_inventory;Warberg;Pelze;market_price;81;Mark;
city_inventory;Warberg;Getreide;stock;7664;units;
city_inventory;Warberg;Getreide;scarcity_factor;0.7800;;
city_inventory;Warberg;Getreide;market_price;28;Mark;
city_inventory;Warberg;Tuch;stock;222923;units;
city_inventory;Warberg;Tuch;scarcity_factor;0.7800;;
city_inventory;Warberg;Tuch;market_price;66;Mark;
city_inventory;Warberg;Hering;stock;163846;units;
city_inventory;Warberg;Hering;scarcity_factor;0.7800;;
city_inventory;Warberg;Hering;market_price;32;Mark;
city_inventory;Warberg;Wein;stock;63628;units;
city_inventory;Warberg;Wein;scarcity_factor;0.7800;;
city_inventory;Warberg;Wein;market_price;83;Mark;
city_inventory;Warberg;Bier;stock;250862;units;
city_inventory;Warberg;Bier;scarcity_factor;0.7800;;
city_inventory;Warberg;Bier;market_price;49;Mark;
city_inventory;Warberg;Hopfen;stock;250862;units;
city_inventory;Warberg;Hopfen;scarcity_factor;0.7800;;
city_inventory;Warberg;Hopfen;market_price;64;Mark;
city_inventory;Warberg;Teer;stock;5760;units;
city_inventory;Warberg;Teer;scarcity_factor;0.7800;;
city_inventory;Warberg;Teer;market_price;67;Mark;
city_inventory;Warberg;Gewuerze;stock;4117;units;
city_inventory;Warberg;Gewuerze;scarcity_factor;0.7800;;
city_inventory;Warberg;Gewuerze;market_price;143;Mark;
city_inventory;Warberg;Kupfer;stock;115870;units;
city_inventory;Warberg;Kupfer;scarcity_factor;0.7800;;
city_inventory;Warberg;Kupfer;market_price;117;Mark;
city_inventory;Warberg;Luxuswaren;stock;250862;units;
city_inventory;Warberg;Luxuswaren;scarcity_factor;0.7800;;
city_inventory;Warberg;Luxuswaren;market_price;172;Mark;
city_inventory;Warberg;Tabak;stock;94850;units;
city_inventory;Warberg;Tabak;scarcity_factor;0.7800;;
city_inventory;Warberg;Tabak;market_price;127;Mark;
city_inventory;Warberg;Zucker;stock;5160;units;
city_inventory;Warberg;Zucker;scarcity_factor;0.7800;;
city_inventory;Warberg;Zucker;market_price;115;Mark;
city_inventory;Warberg;Kaffee;stock;137591;units;
city_inventory;Warberg;Kaffee;scarcity_factor;0.7800;;
city_inventory;Warberg;Kaffee;market_price;136;Mark;
city_inventory;Warberg;Baumwolle;stock;56010;units;
city_inventory;Warberg;Baumwolle;scarcity_factor;0.7800;;
city_inventory;Warberg;Baumwolle;market_price;97;Mark;
city_inventory;Warberg;Kohle;stock;28161;units;
city_inventory;Warberg;Kohle;scarcity_factor;0.7800;;
city_inventory;Warberg;Kohle;market_price;107;Mark;
city_inventory;Warberg;Stahl;stock;2215;units;
city_inventory;Warberg;Stahl;scarcity_factor;0.7800;;
city_inventory;Warberg;Stahl;market_price;155;Mark;
building;Warberg;1;id;brewery;;
building;Warberg;1;name;Brauerei;;
building;Warberg;1;level;7;;
building;Warberg;1;active;1;;
building;Warberg;1;can_run_now;1;;
building;Warberg;1;inputs;"{""Getreide"": 4, ""Holz"": 1}";;
building;Warberg;1;outputs;"{""Bier"": 6}";;
building;Warberg;2;id;fishery;;
building;Warberg;2;name;Fischerei;;
building;Warberg;2;level;7;;
building;Warberg;2;active;1;;
building;Warberg;2;can_run_now;1;;
building;Warberg;2;inputs;{};;
building;Warberg;2;outputs;"{""Hering"": 4}";;
building;Warberg;3;id;grain_farm;;
building;Warberg;3;name;Getreidehof;;
building;Warberg;3;level;7;;
building;Warberg;3;active;1;;
building;Warberg;3;can_run_now;1;;
building;Warberg;3;inputs;{};;
building;Warberg;3;outputs;"{""Getreide"": 5}";;
building;Warberg;4;id;salt_mine;;
building;Warberg;4;name;Salzmine;;
building;Warberg;4;level;7;;
building;Warberg;4;active;1;;
building;Warberg;4;can_run_now;1;;
building;Warberg;4;inputs;{};;
building;Warberg;4;outputs;"{""Salz"": 5}";;
building;Warberg;5;id;tannery;;
building;Warberg;5;name;Gerberei;;
building;Warberg;5;level;7;;
building;Warberg;5;active;1;;
building;Warberg;5;can_run_now;1;;
building;Warberg;5;inputs;"{""Salz"": 1}";;
building;Warberg;5;outputs;"{""Pelze"": 2}";;
building;Warberg;6;id;weavery;;
building;Warberg;6;name;Weberei;;
building;Warberg;6;level;7;;
building;Warberg;6;active;1;;
building;Warberg;6;can_run_now;1;;
building;Warberg;6;inputs;"{""Holz"": 2}";;
building;Warberg;6;outputs;"{""Tuch"": 3}";;
building;Warberg;7;id;winery;;
building;Warberg;7;name;Weinkellerei;;
building;Warberg;7;level;7;;
building;Warberg;7;active;1;;
building;Warberg;7;can_run_now;1;;
building;Warberg;7;inputs;"{""Getreide"": 3}";;
building;Warberg;7;outputs;"{""Wein"": 3}";;
building;Warberg;8;id;woodcutter;;
building;Warberg;8;name;Holzfaeller;;
building;Warberg;8;level;7;;
building;Warberg;8;active;1;;
building;Warberg;8;can_run_now;1;;
building;Warberg;8;inputs;{};;
building;Warberg;8;outputs;"{""Holz"": 6}";;
building;Warberg;9;id;grand_brewery;;
building;Warberg;9;name;Grossbrauerei;;
building;Warberg;9;level;7;;
building;Warberg;9;active;1;;
building;Warberg;9;can_run_now;1;;
building;Warberg;9;inputs;"{""Getreide"": 4, ""Hopfen"": 2, ""Holz"": 1}";;
building;Warberg;9;outputs;"{""Bier"": 10}";;
building;Warberg;10;id;hop_farm;;
building;Warberg;10;name;Hopfenplantage;;
building;Warberg;10;level;7;;
building;Warberg;10;active;1;;
building;Warberg;10;can_run_now;1;;
building;Warberg;10;inputs;{};;
building;Warberg;10;outputs;"{""Hopfen"": 5}";;
building;Warberg;11;id;tar_kiln;;
building;Warberg;11;name;Teerbrennerei;;
building;Warberg;11;level;7;;
building;Warberg;11;active;1;;
building;Warberg;11;can_run_now;1;;
building;Warberg;11;inputs;"{""Holz"": 3}";;
building;Warberg;11;outputs;"{""Teer"": 4}";;
building;Warberg;12;id;copper_mine;;
building;Warberg;12;name;Kupfermine;;
building;Warberg;12;level;7;;
building;Warberg;12;active;1;;
building;Warberg;12;can_run_now;1;;
building;Warberg;12;inputs;{};;
building;Warberg;12;outputs;"{""Kupfer"": 4}";;
building;Warberg;13;id;spice_refinery;;
building;Warberg;13;name;Gewuerzraffinerie;;
building;Warberg;13;level;7;;
building;Warberg;13;active;1;;
building;Warberg;13;can_run_now;1;;
building;Warberg;13;inputs;"{""Gewuerze"": 4}";;
building;Warberg;13;outputs;"{""Luxuswaren"": 6}";;
building;Warberg;14;id;spice_trade;;
building;Warberg;14;name;Gewuerzhandel;;
building;Warberg;14;level;7;;
building;Warberg;14;active;1;;
building;Warberg;14;can_run_now;1;;
building;Warberg;14;inputs;{};;
building;Warberg;14;outputs;"{""Gewuerze"": 4}";;
building;Warberg;15;id;sugar_farm;;
building;Warberg;15;name;Zuckerplantage;;
building;Warberg;15;level;7;;
building;Warberg;15;active;1;;
building;Warberg;15;can_run_now;1;;
building;Warberg;15;inputs;{};;
building;Warberg;15;outputs;"{""Zucker"": 5}";;
building;Warberg;16;id;sugar_refinery;;
building;Warberg;16;name;Zuckerraffinerie;;
building;Warberg;16;level;7;;
building;Warberg;16;active;1;;
building;Warberg;16;can_run_now;1;;
building;Warberg;16;inputs;"{""Zucker"": 5}";;
building;Warberg;16;outputs;"{""Luxuswaren"": 6}";;
building;Warberg;17;id;tobacco_farm;;
building;Warberg;17;name;Tabakplantage;;
building;Warberg;17;level;7;;
building;Warberg;17;active;1;;
building;Warberg;17;can_run_now;1;;
building;Warberg;17;inputs;{};;
building;Warberg;17;outputs;"{""Tabak"": 5}";;
building;Warberg;18;id;coffee_farm;;
building;Warberg;18;name;Kaffeeplantage;;
building;Warberg;18;level;7;;
building;Warberg;18;active;1;;
building;Warberg;18;can_run_now;1;;
building;Warberg;18;inputs;{};;
building;Warberg;18;outputs;"{""Kaffee"": 5}";;
building;Warberg;19;id;cotton_farm;;
building;Warberg;19;name;Baumwollfarm;;
building;Warberg;19;level;7;;
building;Warberg;19;active;1;;
building;Warberg;19;can_run_now;1;;
building;Warberg;19;inputs;{};;
building;Warberg;19;outputs;"{""Baumwolle"": 5}";;
building;Warberg;20;id;textile_factory;;
building;Warberg;20;name;Textilmanufaktur;;
building;Warberg;20;level;7;;
building;Warberg;20;active;1;;
building;Warberg;20;can_run_now;1;;
building;Warberg;20;inputs;"{""Baumwolle"": 5}";;
building;Warberg;20;outputs;"{""Tuch"": 7}";;
building;Warberg;21;id;coal_mine;;
building;Warberg;21;name;Kohlemine;;
building;Warberg;21;level;7;;
building;Warberg;21;active;1;;
building;Warberg;21;can_run_now;1;;
building;Warberg;21;inputs;{};;
building;Warberg;21;outputs;"{""Kohle"": 6}";;
building;Warberg;22;id;refinery;;
building;Warberg;22;name;Raffinerie;;
building;Warberg;22;level;7;;
building;Warberg;22;active;1;;
building;Warberg;22;can_run_now;1;;
building;Warberg;22;inputs;"{""Kohle"": 5}";;
building;Warberg;22;outputs;"{""Treibstoff"": 6}";;
building;Warberg;23;id;steel_mill;;
building;Warberg;23;name;Stahlwerk;;
building;Warberg;23;level;7;;
building;Warberg;23;active;1;;
building;Warberg;23;can_run_now;1;;
building;Warberg;23;inputs;"{""Kohle"": 4, ""Kupfer"": 2}";;
building;Warberg;23;outputs;"{""Stahl"": 5}";;
city;Malmoe;;treasury;3472437489;Mark;
city;Malmoe;;bankrupt;0;;
city;Malmoe;;building_count;23;count;
city;Malmoe;;population;5000000;citizens;
city;Malmoe;;social_stability;100.00;;
city;Malmoe;;quality_of_life;100.00;;
city;Malmoe;;migration;509;citizens;
city;Malmoe;;tax_income;729750;Mark;
city;Malmoe;;political_influence;7627.69;;
city;Malmoe;;local_scarcity_relief;0.0791;;
city;Malmoe;;hazard_mitigation;0.0897;;
city;Malmoe;;storage_multiplier;1.00;;
city_inventory;Malmoe;Salz;stock;159646;units;
city_inventory;Malmoe;Salz;scarcity_factor;0.7183;;
city_inventory;Malmoe;Salz;market_price;48;Mark;
city_inventory;Malmoe;Holz;stock;126104;units;
city_inventory;Malmoe;Holz;scarcity_factor;0.7183;;
city_inventory;Malmoe;Holz;market_price;30;Mark;
city_inventory;Malmoe;Pelze;stock;181848;units;
city_inventory;Malmoe;Pelze;scarcity_factor;0.7183;;
city_inventory;Malmoe;Pelze;market_price;85;Mark;
city_inventory;Malmoe;Getreide;stock;7665;units;
city_inventory;Malmoe;Getreide;scarcity_factor;0.7183;;
city_inventory;Malmoe;Getreide;market_price;22;Mark;
city_inventory;Malmoe;Tuch;stock;228316;units;
city_inventory;Malmoe;Tuch;scarcity_factor;0.7183;;
city_inventory;Malmoe;Tuch;market_price;62;Mark;
city_inventory;Malmoe;Hering;stock;158824;units;
city_inventory;Malmoe;Hering;scarcity_factor;0.7183;;
city_inventory;Malmoe;Hering;market_price;34;Mark;
city_inventory;Malmoe;Wein;stock;87103;units;
city_inventory;Malmoe;Wein;scarcity_factor;0.7183;;
city_inventory;Malmoe;Wein;market_price;74;Mark;
city_inventory;Malmoe;Bier;stock;250862;units;
city_inventory;Malmoe;Bier;scarcity_factor;0.7183;;
city_inventory;Malmoe;Bier;market_price;39;Mark;
city_inventory;Malmoe;Hopfen;stock;250862;units;
city_inventory;Malmoe;Hopfen;scarcity_factor;0.7183;;
city_inventory;Malmoe;Hopfen;market_price;66;Mark;
city_inventory;Malmoe;Teer;stock;145572;units;
city_inventory;Malmoe;Teer;scarcity_factor;0.7183;;
city_inventory;Malmoe;Teer;market_price;65;Mark;
city_inventory;Malmoe;Gewuerze;stock;79518;units;
city_inventory;Malmoe;Gewuerze;scarcity_factor;0.7183;;
city_inventory;Malmoe;Gewuerze;market_price;136;Mark;
city_inventory;Malmoe;Kupfer;stock;79097;units;
city_inventory;Malmoe;Kupfer;scarcity_factor;0.7183;;
city_inventory;Malmoe;Kupfer;market_price;90;Mark;
city_inventory;Malmoe;Luxuswaren;stock;250862;units;
city_inventory;Malmoe;Luxuswaren;scarcity_factor;0.7183;;
city_inventory;Malmoe;Luxuswaren;market_price;149;Mark;
city_inventory;Malmoe;Tabak;stock;63590;units;
city_inventory;Malmoe;Tabak;scarcity_factor;0.7183;;
city_inventory;Malmoe;Tabak;market_price;85;Mark;
city_inventory;Malmoe;Zucker;stock;72209;units;
city_inventory;Malmoe;Zucker;scarcity_factor;0.7183;;
city_inventory;Malmoe;Zucker;market_price;131;Mark;
city_inventory;Malmoe;Kaffee;stock;57344;units;
city_inventory;Malmoe;Kaffee;scarcity_factor;0.7183;;
city_inventory;Malmoe;Kaffee;market_price;101;Mark;
city_inventory;Malmoe;Baumwolle;stock;47088;units;
city_inventory;Malmoe;Baumwolle;scarcity_factor;0.7183;;
city_inventory;Malmoe;Baumwolle;market_price;98;Mark;
city_inventory;Malmoe;Kohle;stock;22728;units;
city_inventory;Malmoe;Kohle;scarcity_factor;0.7183;;
city_inventory;Malmoe;Kohle;market_price;114;Mark;
city_inventory;Malmoe;Stahl;stock;41352;units;
city_inventory;Malmoe;Stahl;scarcity_factor;0.7183;;
city_inventory;Malmoe;Stahl;market_price;151;Mark;
building;Malmoe;1;id;brewery;;
building;Malmoe;1;name;Brauerei;;
building;Malmoe;1;level;7;;
building;Malmoe;1;active;1;;
building;Malmoe;1;can_run_now;1;;
building;Malmoe;1;inputs;"{""Getreide"": 4, ""Holz"": 1}";;
building;Malmoe;1;outputs;"{""Bier"": 6}";;
building;Malmoe;2;id;fishery;;
building;Malmoe;2;name;Fischerei;;
building;Malmoe;2;level;7;;
building;Malmoe;2;active;1;;
building;Malmoe;2;can_run_now;1;;
building;Malmoe;2;inputs;{};;
building;Malmoe;2;outputs;"{""Hering"": 4}";;
building;Malmoe;3;id;grain_farm;;
building;Malmoe;3;name;Getreidehof;;
building;Malmoe;3;level;7;;
building;Malmoe;3;active;1;;
building;Malmoe;3;can_run_now;1;;
building;Malmoe;3;inputs;{};;
building;Malmoe;3;outputs;"{""Getreide"": 5}";;
building;Malmoe;4;id;salt_mine;;
building;Malmoe;4;name;Salzmine;;
building;Malmoe;4;level;7;;
building;Malmoe;4;active;1;;
building;Malmoe;4;can_run_now;1;;
building;Malmoe;4;inputs;{};;
building;Malmoe;4;outputs;"{""Salz"": 5}";;
building;Malmoe;5;id;tannery;;
building;Malmoe;5;name;Gerberei;;
building;Malmoe;5;level;7;;
building;Malmoe;5;active;1;;
building;Malmoe;5;can_run_now;1;;
building;Malmoe;5;inputs;"{""Salz"": 1}";;
building;Malmoe;5;outputs;"{""Pelze"": 2}";;
building;Malmoe;6;id;weavery;;
building;Malmoe;6;name;Weberei;;
building;Malmoe;6;level;7;;
building;Malmoe;6;active;1;;
building;Malmoe;6;can_run_now;1;;
building;Malmoe;6;inputs;"{""Holz"": 2}";;
building;Malmoe;6;outputs;"{""Tuch"": 3}";;
building;Malmoe;7;id;winery;;
building;Malmoe;7;name;Weinkellerei;;
building;Malmoe;7;level;7;;
building;Malmoe;7;active;1;;
building;Malmoe;7;can_run_now;1;;
building;Malmoe;7;inputs;"{""Getreide"": 3}";;
building;Malmoe;7;outputs;"{""Wein"": 3}";;
building;Malmoe;8;id;woodcutter;;
building;Malmoe;8;name;Holzfaeller;;
building;Malmoe;8;level;7;;
building;Malmoe;8;active;1;;
building;Malmoe;8;can_run_now;1;;
building;Malmoe;8;inputs;{};;
building;Malmoe;8;outputs;"{""Holz"": 6}";;
building;Malmoe;9;id;grand_brewery;;
building;Malmoe;9;name;Grossbrauerei;;
building;Malmoe;9;level;7;;
building;Malmoe;9;active;1;;
building;Malmoe;9;can_run_now;1;;
building;Malmoe;9;inputs;"{""Getreide"": 4, ""Hopfen"": 2, ""Holz"": 1}";;
building;Malmoe;9;outputs;"{""Bier"": 10}";;
building;Malmoe;10;id;hop_farm;;
building;Malmoe;10;name;Hopfenplantage;;
building;Malmoe;10;level;7;;
building;Malmoe;10;active;1;;
building;Malmoe;10;can_run_now;1;;
building;Malmoe;10;inputs;{};;
building;Malmoe;10;outputs;"{""Hopfen"": 5}";;
building;Malmoe;11;id;tar_kiln;;
building;Malmoe;11;name;Teerbrennerei;;
building;Malmoe;11;level;7;;
building;Malmoe;11;active;1;;
building;Malmoe;11;can_run_now;1;;
building;Malmoe;11;inputs;"{""Holz"": 3}";;
building;Malmoe;11;outputs;"{""Teer"": 4}";;
building;Malmoe;12;id;copper_mine;;
building;Malmoe;12;name;Kupfermine;;
building;Malmoe;12;level;7;;
building;Malmoe;12;active;1;;
building;Malmoe;12;can_run_now;1;;
building;Malmoe;12;inputs;{};;
building;Malmoe;12;outputs;"{""Kupfer"": 4}";;
building;Malmoe;13;id;spice_refinery;;
building;Malmoe;13;name;Gewuerzraffinerie;;
building;Malmoe;13;level;7;;
building;Malmoe;13;active;1;;
building;Malmoe;13;can_run_now;1;;
building;Malmoe;13;inputs;"{""Gewuerze"": 4}";;
building;Malmoe;13;outputs;"{""Luxuswaren"": 6}";;
building;Malmoe;14;id;spice_trade;;
building;Malmoe;14;name;Gewuerzhandel;;
building;Malmoe;14;level;7;;
building;Malmoe;14;active;1;;
building;Malmoe;14;can_run_now;1;;
building;Malmoe;14;inputs;{};;
building;Malmoe;14;outputs;"{""Gewuerze"": 4}";;
building;Malmoe;15;id;sugar_farm;;
building;Malmoe;15;name;Zuckerplantage;;
building;Malmoe;15;level;7;;
building;Malmoe;15;active;1;;
building;Malmoe;15;can_run_now;1;;
building;Malmoe;15;inputs;{};;
building;Malmoe;15;outputs;"{""Zucker"": 5}";;
building;Malmoe;16;id;sugar_refinery;;
building;Malmoe;16;name;Zuckerraffinerie;;
building;Malmoe;16;level;7;;
building;Malmoe;16;active;1;;
building;Malmoe;16;can_run_now;1;;
building;Malmoe;16;inputs;"{""Zucker"": 5}";;
building;Malmoe;16;outputs;"{""Luxuswaren"": 6}";;
building;Malmoe;17;id;tobacco_farm;;
building;Malmoe;17;name;Tabakplantage;;
building;Malmoe;17;level;7;;
building;Malmoe;17;active;1;;
building;Malmoe;17;can_run_now;1;;
building;Malmoe;17;inputs;{};;
building;Malmoe;17;outputs;"{""Tabak"": 5}";;
building;Malmoe;18;id;coffee_farm;;
building;Malmoe;18;name;Kaffeeplantage;;
building;Malmoe;18;level;7;;
building;Malmoe;18;active;1;;
building;Malmoe;18;can_run_now;1;;
building;Malmoe;18;inputs;{};;
building;Malmoe;18;outputs;"{""Kaffee"": 5}";;
building;Malmoe;19;id;cotton_farm;;
building;Malmoe;19;name;Baumwollfarm;;
building;Malmoe;19;level;7;;
building;Malmoe;19;active;1;;
building;Malmoe;19;can_run_now;1;;
building;Malmoe;19;inputs;{};;
building;Malmoe;19;outputs;"{""Baumwolle"": 5}";;
building;Malmoe;20;id;textile_factory;;
building;Malmoe;20;name;Textilmanufaktur;;
building;Malmoe;20;level;7;;
building;Malmoe;20;active;1;;
building;Malmoe;20;can_run_now;1;;
building;Malmoe;20;inputs;"{""Baumwolle"": 5}";;
building;Malmoe;20;outputs;"{""Tuch"": 7}";;
building;Malmoe;21;id;coal_mine;;
building;Malmoe;21;name;Kohlemine;;
building;Malmoe;21;level;7;;
building;Malmoe;21;active;1;;
building;Malmoe;21;can_run_now;1;;
building;Malmoe;21;inputs;{};;
building;Malmoe;21;outputs;"{""Kohle"": 6}";;
building;Malmoe;22;id;refinery;;
building;Malmoe;22;name;Raffinerie;;
building;Malmoe;22;level;7;;
building;Malmoe;22;active;1;;
building;Malmoe;22;can_run_now;1;;
building;Malmoe;22;inputs;"{""Kohle"": 5}";;
building;Malmoe;22;outputs;"{""Treibstoff"": 6}";;
building;Malmoe;23;id;steel_mill;;
building;Malmoe;23;name;Stahlwerk;;
building;Malmoe;23;level;7;;
building;Malmoe;23;active;1;;
building;Malmoe;23;can_run_now;1;;
building;Malmoe;23;inputs;"{""Kohle"": 4, ""Kupfer"": 2}";;
building;Malmoe;23;outputs;"{""Stahl"": 5}";;
city;Ystad;;treasury;3465504337;Mark;
city;Ystad;;bankrupt;0;;
city;Ystad;;building_count;23;count;
city;Ystad;;population;5000000;citizens;
city;Ystad;;social_stability;100.00;;
city;Ystad;;quality_of_life;100.00;;
city;Ystad;;migration;509;citizens;
city;Ystad;;tax_income;729750;Mark;
city;Ystad;;political_influence;7627.69;;
city;Ystad;;local_scarcity_relief;0.0800;;
city;Ystad;;hazard_mitigation;0.0987;;
city;Ystad;;storage_multiplier;1.00;;
city_inventory;Ystad;Salz;stock;142266;units;
city_inventory;Ystad;Salz;scarcity_factor;0.7176;;
city_inventory;Ystad;Salz;market_price;38;Mark;
city_inventory;Ystad;Holz;stock;201087;units;
city_inventory;Ystad;Holz;scarcity_factor;0.7176;;
city_inventory;Ystad;Holz;market_price;27;Mark;
city_inventory;Ystad;Pelze;stock;250862;units;
city_inventory;Ystad;Pelze;scarcity_factor;0.7176;;
city_inventory;Ystad;Pelze;market_price;99;Mark;
city_inventory;Ystad;Getreide;stock;7657;units;
city_inventory;Ystad;Getreide;scarcity_factor;0.7176;;
city_inventory;Ystad;Getreide;market_price;19;Mark;
city_inventory;Ystad;Tuch;stock;226306;units;
city_inventory;Ystad;Tuch;scarcity_factor;0.7176;;
city_inventory;Ystad;Tuch;market_price;56;Mark;
city_inventory;Ystad;Hering;stock;153363;units;
city_inventory;Ystad;Hering;scarcity_factor;0.7176;;
city_inventory;Ystad;Hering;market_price;30;Mark;
city_inventory;Ystad;Wein;stock;87491;units;
city_inventory;Ystad;Wein;scarcity_factor;0.7176;;
city_inventory;Ystad;Wein;market_price;85;Mark;
city_inventory;Ystad;Bier;stock;250862;units;
city_inventory;Ystad;Bier;scarcity_factor;0.7176;;
city_inventory;Ystad;Bier;market_price;33;Mark;
city_inventory;Ystad;Hopfen;stock;125645;units;
city_inventory;Ystad;Hopfen;scarcity_factor;0.7176;;
city_inventory;Ystad;Hopfen;market_price;44;Mark;
city_inventory;Ystad;Teer;stock;150588;units;
city_inventory;Ystad;Teer;scarcity_factor;0.7176;;
city_inventory;Ystad;Teer;market_price;64;Mark;
city_inventory;Ystad;Gewuerze;stock;8758;units;
city_inventory;Ystad;Gewuerze;scarcity_factor;0.7176;;
city_inventory;Ystad;Gewuerze;market_price;91;Mark;
city_inventory;Ystad;Kupfer;stock;73747;units;
city_inventory;Ystad;Kupfer;scarcity_factor;0.7176;;
city_inventory;Ystad;Kupfer;market_price;89;Mark;
city_inventory;Ystad;Luxuswaren;stock;250862;units;
city_inventory;Ystad;Luxuswaren;scarcity_factor;0.7176;;
city_inventory;Ystad;Luxuswaren;market_price;155;Mark;
city_inventory;Ystad;Tabak;stock;57469;units;
city_inventory;Ystad;Tabak;scarcity_factor;0.7176;;
city_inventory;Ystad;Tabak;market_price;68;Mark;
city_inventory;Ystad;Zucker;stock;60078;units;
city_inventory;Ystad;Zucker;scarcity_factor;0.7176;;
city_inventory;Ystad;Zucker;market_price;100;Mark;
city_inventory;Ystad;Kaffee;stock;73235;units;
city_inventory;Ystad;Kaffee;scarcity_factor;0.7176;;
city_inventory;Ystad;Kaffee;market_price;83;Mark;
city_inventory;Ystad;Baumwolle;stock;66698;units;
city_inventory;Ystad;Baumwolle;scarcity_factor;0.7176;;
city_inventory;Ystad;Baumwolle;market_price;99;Mark;
city_inventory;Ystad;Kohle;stock;12576;units;
city_inventory;Ystad;Kohle;scarcity_factor;0.7176;;
city_inventory;Ystad;Kohle;market_price;70;Mark;
city_inventory;Ystad;Stahl;stock;34580;units;
city_inventory;Ystad;Stahl;scarcity_factor;0.7176;;
city_inventory;Ystad;Stahl;market_price;146;Mark;
building;Ystad;1;id;brewery;;
building;Ystad;1;name;Brauerei;;
building;Ystad;1;level;7;;
building;Ystad;1;active;1;;
building;Ystad;1;can_run_now;1;;
building;Ystad;1;inputs;"{""Getreide"": 4, ""Holz"": 1}";;
building;Ystad;1;outputs;"{""Bier"": 6}";;
building;Ystad;2;id;fishery;;
building;Ystad;2;name;Fischerei;;
building;Ystad;2;level;7;;
building;Ystad;2;active;1;;
building;Ystad;2;can_run_now;1;;
building;Ystad;2;inputs;{};;
building;Ystad;2;outputs;"{""Hering"": 4}";;
building;Ystad;3;id;grain_farm;;
building;Ystad;3;name;Getreidehof;;
building;Ystad;3;level;7;;
building;Ystad;3;active;1;;
building;Ystad;3;can_run_now;1;;
building;Ystad;3;inputs;{};;
building;Ystad;3;outputs;"{""Getreide"": 5}";;
building;Ystad;4;id;salt_mine;;
building;Ystad;4;name;Salzmine;;
building;Ystad;4;level;7;;
building;Ystad;4;active;1;;
building;Ystad;4;can_run_now;1;;
building;Ystad;4;inputs;{};;
building;Ystad;4;outputs;"{""Salz"": 5}";;
building;Ystad;5;id;tannery;;
building;Ystad;5;name;Gerberei;;
building;Ystad;5;level;7;;
building;Ystad;5;active;1;;
building;Ystad;5;can_run_now;1;;
building;Ystad;5;inputs;"{""Salz"": 1}";;
building;Ystad;5;outputs;"{""Pelze"": 2}";;
building;Ystad;6;id;weavery;;
building;Ystad;6;name;Weberei;;
building;Ystad;6;level;7;;
building;Ystad;6;active;1;;
building;Ystad;6;can_run_now;1;;
building;Ystad;6;inputs;"{""Holz"": 2}";;
building;Ystad;6;outputs;"{""Tuch"": 3}";;
building;Ystad;7;id;winery;;
building;Ystad;7;name;Weinkellerei;;
building;Ystad;7;level;7;;
building;Ystad;7;active;1;;
building;Ystad;7;can_run_now;1;;
building;Ystad;7;inputs;"{""Getreide"": 3}";;
building;Ystad;7;outputs;"{""Wein"": 3}";;
building;Ystad;8;id;woodcutter;;
building;Ystad;8;name;Holzfaeller;;
building;Ystad;8;level;7;;
building;Ystad;8;active;1;;
building;Ystad;8;can_run_now;1;;
building;Ystad;8;inputs;{};;
building;Ystad;8;outputs;"{""Holz"": 6}";;
building;Ystad;9;id;grand_brewery;;
building;Ystad;9;name;Grossbrauerei;;
building;Ystad;9;level;7;;
building;Ystad;9;active;1;;
building;Ystad;9;can_run_now;1;;
building;Ystad;9;inputs;"{""Getreide"": 4, ""Hopfen"": 2, ""Holz"": 1}";;
building;Ystad;9;outputs;"{""Bier"": 10}";;
building;Ystad;10;id;hop_farm;;
building;Ystad;10;name;Hopfenplantage;;
building;Ystad;10;level;7;;
building;Ystad;10;active;1;;
building;Ystad;10;can_run_now;1;;
building;Ystad;10;inputs;{};;
building;Ystad;10;outputs;"{""Hopfen"": 5}";;
building;Ystad;11;id;tar_kiln;;
building;Ystad;11;name;Teerbrennerei;;
building;Ystad;11;level;7;;
building;Ystad;11;active;1;;
building;Ystad;11;can_run_now;1;;
building;Ystad;11;inputs;"{""Holz"": 3}";;
building;Ystad;11;outputs;"{""Teer"": 4}";;
building;Ystad;12;id;copper_mine;;
building;Ystad;12;name;Kupfermine;;
building;Ystad;12;level;7;;
building;Ystad;12;active;1;;
building;Ystad;12;can_run_now;1;;
building;Ystad;12;inputs;{};;
building;Ystad;12;outputs;"{""Kupfer"": 4}";;
building;Ystad;13;id;spice_refinery;;
building;Ystad;13;name;Gewuerzraffinerie;;
building;Ystad;13;level;7;;
building;Ystad;13;active;1;;
building;Ystad;13;can_run_now;1;;
building;Ystad;13;inputs;"{""Gewuerze"": 4}";;
building;Ystad;13;outputs;"{""Luxuswaren"": 6}";;
building;Ystad;14;id;spice_trade;;
building;Ystad;14;name;Gewuerzhandel;;
building;Ystad;14;level;7;;
building;Ystad;14;active;1;;
building;Ystad;14;can_run_now;1;;
building;Ystad;14;inputs;{};;
building;Ystad;14;outputs;"{""Gewuerze"": 4}";;
building;Ystad;15;id;sugar_farm;;
building;Ystad;15;name;Zuckerplantage;;
building;Ystad;15;level;7;;
building;Ystad;15;active;1;;
building;Ystad;15;can_run_now;1;;
building;Ystad;15;inputs;{};;
building;Ystad;15;outputs;"{""Zucker"": 5}";;
building;Ystad;16;id;sugar_refinery;;
building;Ystad;16;name;Zuckerraffinerie;;
building;Ystad;16;level;7;;
building;Ystad;16;active;1;;
building;Ystad;16;can_run_now;1;;
building;Ystad;16;inputs;"{""Zucker"": 5}";;
building;Ystad;16;outputs;"{""Luxuswaren"": 6}";;
building;Ystad;17;id;tobacco_farm;;
building;Ystad;17;name;Tabakplantage;;
building;Ystad;17;level;7;;
building;Ystad;17;active;1;;
building;Ystad;17;can_run_now;1;;
building;Ystad;17;inputs;{};;
building;Ystad;17;outputs;"{""Tabak"": 5}";;
building;Ystad;18;id;coffee_farm;;
building;Ystad;18;name;Kaffeeplantage;;
building;Ystad;18;level;7;;
building;Ystad;18;active;1;;
building;Ystad;18;can_run_now;1;;
building;Ystad;18;inputs;{};;
building;Ystad;18;outputs;"{""Kaffee"": 5}";;
building;Ystad;19;id;cotton_farm;;
building;Ystad;19;name;Baumwollfarm;;
building;Ystad;19;level;7;;
building;Ystad;19;active;1;;
building;Ystad;19;can_run_now;1;;
building;Ystad;19;inputs;{};;
building;Ystad;19;outputs;"{""Baumwolle"": 5}";;
building;Ystad;20;id;textile_factory;;
building;Ystad;20;name;Textilmanufaktur;;
building;Ystad;20;level;7;;
building;Ystad;20;active;1;;
building;Ystad;20;can_run_now;1;;
building;Ystad;20;inputs;"{""Baumwolle"": 5}";;
building;Ystad;20;outputs;"{""Tuch"": 7}";;
building;Ystad;21;id;coal_mine;;
building;Ystad;21;name;Kohlemine;;
building;Ystad;21;level;7;;
building;Ystad;21;active;1;;
building;Ystad;21;can_run_now;1;;
building;Ystad;21;inputs;{};;
building;Ystad;21;outputs;"{""Kohle"": 6}";;
building;Ystad;22;id;refinery;;
building;Ystad;22;name;Raffinerie;;
building;Ystad;22;level;7;;
building;Ystad;22;active;1;;
building;Ystad;22;can_run_now;1;;
building;Ystad;22;inputs;"{""Kohle"": 5}";;
building;Ystad;22;outputs;"{""Treibstoff"": 6}";;
building;Ystad;23;id;steel_mill;;
building;Ystad;23;name;Stahlwerk;;
building;Ystad;23;level;7;;
building;Ystad;23;active;1;;
building;Ystad;23;can_run_now;1;;
building;Ystad;23;inputs;"{""Kohle"": 4, ""Kupfer"": 2}";;
building;Ystad;23;outputs;"{""Stahl"": 5}";;
city;Visby;;treasury;3473070493;Mark;
city;Visby;;bankrupt;0;;
city;Visby;;building_count;23;count;
city;Visby;;population;5000000;citizens;
city;Visby;;social_stability;100.00;;
city;Visby;;quality_of_life;100.00;;
city;Visby;;migration;51;citizens;
city;Visby;;tax_income;729750;Mark;
city;Visby;;political_influence;7627.69;;
city;Visby;;local_scarcity_relief;0.0950;;
city;Visby;;hazard_mitigation;0.1061;;
city;Visby;;storage_multiplier;1.00;;
city_inventory;Visby;Salz;stock;180616;units;
city_inventory;Visby;Salz;scarcity_factor;0.7059;;
city_inventory;Visby;Salz;market_price;56;Mark;
city_inventory;Visby;Holz;stock;120352;units;
city_inventory;Visby;Holz;scarcity_factor;0.7059;;
city_inventory;Visby;Holz;market_price;32;Mark;
city_inventory;Visby;Pelze;stock;90057;units;
city_inventory;Visby;Pelze;scarcity_factor;0.7059;;
city_inventory;Visby;Pelze;market_price;89;Mark;
city_inventory;Visby;Getreide;stock;6585;units;
city_inventory;Visby;Getreide;scarcity_factor;0.7059;;
city_inventory;Visby;Getreide;market_price;25;Mark;
city_inventory;Visby;Tuch;stock;231402;units;
city_inventory;Visby;Tuch;scarcity_factor;0.7059;;
city_inventory;Visby;Tuch;market_price;62;Mark;
city_inventory;Visby;Hering;stock;158245;units;
city_inventory;Visby;Hering;scarcity_factor;0.7059;;
city_inventory;Visby;Hering;market_price;29;Mark;
city_inventory;Visby;Wein;stock;83427;units;
city_inventory;Visby;Wein;scarcity_factor;0.7059;;
city_inventory;Visby;Wein;market_price;93;Mark;
city_inventory;Visby;Bier;stock;250862;units;
city_inventory;Visby;Bier;scarcity_factor;0.7059;;
city_inventory;Visby;Bier;market_price;32;Mark;
city_inventory;Visby;Hopfen;stock;143038;units;
city_inventory;Visby;Hopfen;scarcity_factor;0.7059;;
city_inventory;Visby;Hopfen;market_price;51;Mark;
city_inventory;Visby;Teer;stock;157272;units;
city_inventory;Visby;Teer;scarcity_factor;0.7059;;
city_inventory;Visby;Teer;market_price;64;Mark;
city_inventory;Visby;Gewuerze;stock;2462;units;
city_inventory;Visby;Gewuerze;scarcity_factor;0.7059;;
city_inventory;Visby;Gewuerze;market_price;121;Mark;
city_inventory;Visby;Kupfer;stock;229605;units;
city_inventory;Visby;Kupfer;scarcity_factor;0.7059;;
city_inventory;Visby;Kupfer;market_price;119;Mark;
city_inventory;Visby;Luxuswaren;stock;250862;units;
city_inventory;Visby;Luxuswaren;scarcity_factor;0.7059;;
city_inventory;Visby;Luxuswaren;market_price;188;Mark;
city_inventory;Visby;Tabak;stock;105628;units;
city_inventory;Visby;Tabak;scarcity_factor;0.7059;;
city_inventory;Visby;Tabak;market_price;119;Mark;
city_inventory;Visby;Zucker;stock;54702;units;
city_inventory;Visby;Zucker;scarcity_factor;0.7059;;
city_inventory;Visby;Zucker;market_price;128;Mark;
city_inventory;Visby;Kaffee;stock;62202;units;
city_inventory;Visby;Kaffee;scarcity_factor;0.7059;;
city_inventory;Visby;Kaffee;market_price;98;Mark;
city_inventory;Visby;Baumwolle;stock;49089;units;
city_inventory;Visby;Baumwolle;scarcity_factor;0.7059;;
city_inventory;Visby;Baumwolle;market_price;91;Mark;
city_inventory;Visby;Kohle;stock;19088;units;
city_inventory;Visby;Kohle;scarcity_factor;0.7059;;
city_inventory;Visby;Kohle;market_price;90;Mark;
city_inventory;Visby;Stahl;stock;29105;units;
city_inventory;Visby;Stahl;scarcity_factor;0.7059;;
city_inventory;Visby;Stahl;market_price;124;Mark;
building;Visby;1;id;brewery;;
building;Visby;1;name;Brauerei;;
building;Visby;1;level;7;;
building;Visby;1;active;1;;
building;Visby;1;can_run_now;1;;
building;Visby;1;inputs;"{""Getreide"": 4, ""Holz"": 1}";;
building;Visby;1;outputs;"{""Bier"": 6}";;
building;Visby;2;id;fishery;;
building;Visby;2;name;Fischerei;;
building;Visby;2;level;7;;
building;Visby;2;active;1;;
building;Visby;2;can_run_now;1;;
building;Visby;2;inputs;{};;
building;Visby;2;outputs;"{""Hering"": 4}";;
building;Visby;3;id;grain_farm;;
building;Visby;3;name;Getreidehof;;
building;Visby;3;level;7;;
building;Visby;3;active;1;;
building;Visby;3;can_run_now;1;;
building;Visby;3;inputs;{};;
building;Visby;3;outputs;"{""Getreide"": 5}";;
building;Visby;4;id;salt_mine;;
building;Visby;4;name;Salzmine;;
building;Visby;4;level;7;;
building;Visby;4;active;1;;
building;Visby;4;can_run_now;1;;
building;Visby;4;inputs;{};;
building;Visby;4;outputs;"{""Salz"": 5}";;
building;Visby;5;id;tannery;;
building;Visby;5;name;Gerberei;;
building;Visby;5;level;7;;
building;Visby;5;active;1;;
building;Visby;5;can_run_now;1;;
building;Visby;5;inputs;"{""Salz"": 1}";;
building;Visby;5;outputs;"{""Pelze"": 2}";;
building;Visby;6;id;weavery;;
building;Visby;6;name;Weberei;;
building;Visby;6;level;7;;
building;Visby;6;active;1;;
building;Visby;6;can_run_now;1;;
building;Visby;6;inputs;"{""Holz"": 2}";;
building;Visby;6;outputs;"{""Tuch"": 3}";;
building;Visby;7;id;winery;;
building;Visby;7;name;Weinkellerei;;
building;Visby;7;level;7;;
building;Visby;7;active;1;;
building;Visby;7;can_run_now;1;;
building;Visby;7;inputs;"{""Getreide"": 3}";;
building;Visby;7;outputs;"{""Wein"": 3}";;
building;Visby;8;id;woodcutter;;
building;Visby;8;name;Holzfaeller;;
building;Visby;8;level;7;;
building;Visby;8;active;1;;
building;Visby;8;can_run_now;1;;
building;Visby;8;inputs;{};;
building;Visby;8;outputs;"{""Holz"": 6}";;
building;Visby;9;id;grand_brewery;;
building;Visby;9;name;Grossbrauerei;;
building;Visby;9;level;7;;
building;Visby;9;active;1;;
building;Visby;9;can_run_now;1;;
building;Visby;9;inputs;"{""Getreide"": 4, ""Hopfen"": 2, ""Holz"": 1}";;
building;Visby;9;outputs;"{""Bier"": 10}";;
building;Visby;10;id;hop_farm;;
building;Visby;10;name;Hopfenplantage;;
building;Visby;10;level;7;;
building;Visby;10;active;1;;
building;Visby;10;can_run_now;1;;
building;Visby;10;inputs;{};;
building;Visby;10;outputs;"{""Hopfen"": 5}";;
building;Visby;11;id;tar_kiln;;
building;Visby;11;name;Teerbrennerei;;
building;Visby;11;level;7;;
building;Visby;11;active;1;;
building;Visby;11;can_run_now;1;;
building;Visby;11;inputs;"{""Holz"": 3}";;
building;Visby;11;outputs;"{""Teer"": 4}";;
building;Visby;12;id;copper_mine;;
building;Visby;12;name;Kupfermine;;
building;Visby;12;level;7;;
building;Visby;12;active;1;;
building;Visby;12;can_run_now;1;;
building;Visby;12;inputs;{};;
building;Visby;12;outputs;"{""Kupfer"": 4}";;
building;Visby;13;id;spice_refinery;;
building;Visby;13;name;Gewuerzraffinerie;;
building;Visby;13;level;7;;
building;Visby;13;active;1;;
building;Visby;13;can_run_now;1;;
building;Visby;13;inputs;"{""Gewuerze"": 4}";;
building;Visby;13;outputs;"{""Luxuswaren"": 6}";;
building;Visby;14;id;spice_trade;;
building;Visby;14;name;Gewuerzhandel;;
building;Visby;14;level;7;;
building;Visby;14;active;1;;
building;Visby;14;can_run_now;1;;
building;Visby;14;inputs;{};;
building;Visby;14;outputs;"{""Gewuerze"": 4}";;
building;Visby;15;id;sugar_farm;;
building;Visby;15;name;Zuckerplantage;;
building;Visby;15;level;7;;
building;Visby;15;active;1;;
building;Visby;15;can_run_now;1;;
building;Visby;15;inputs;{};;
building;Visby;15;outputs;"{""Zucker"": 5}";;
building;Visby;16;id;sugar_refinery;;
building;Visby;16;name;Zuckerraffinerie;;
building;Visby;16;level;7;;
building;Visby;16;active;1;;
building;Visby;16;can_run_now;1;;
building;Visby;16;inputs;"{""Zucker"": 5}";;
building;Visby;16;outputs;"{""Luxuswaren"": 6}";;
building;Visby;17;id;tobacco_farm;;
building;Visby;17;name;Tabakplantage;;
building;Visby;17;level;7;;
building;Visby;17;active;1;;
building;Visby;17;can_run_now;1;;
building;Visby;17;inputs;{};;
building;Visby;17;outputs;"{""Tabak"": 5}";;
building;Visby;18;id;coffee_farm;;
building;Visby;18;name;Kaffeeplantage;;
building;Visby;18;level;7;;
building;Visby;18;active;1;;
building;Visby;18;can_run_now;1;;
building;Visby;18;inputs;{};;
building;Visby;18;outputs;"{""Kaffee"": 5}";;
building;Visby;19;id;cotton_farm;;
building;Visby;19;name;Baumwollfarm;;
building;Visby;19;level;7;;
building;Visby;19;active;1;;
building;Visby;19;can_run_now;1;;
building;Visby;19;inputs;{};;
building;Visby;19;outputs;"{""Baumwolle"": 5}";;
building;Visby;20;id;textile_factory;;
building;Visby;20;name;Textilmanufaktur;;
building;Visby;20;level;7;;
building;Visby;20;active;1;;
building;Visby;20;can_run_now;1;;
building;Visby;20;inputs;"{""Baumwolle"": 5}";;
building;Visby;20;outputs;"{""Tuch"": 7}";;
building;Visby;21;id;coal_mine;;
building;Visby;21;name;Kohlemine;;
building;Visby;21;level;7;;
building;Visby;21;active;1;;
building;Visby;21;can_run_now;1;;
building;Visby;21;inputs;{};;
building;Visby;21;outputs;"{""Kohle"": 6}";;
building;Visby;22;id;refinery;;
building;Visby;22;name;Raffinerie;;
building;Visby;22;level;7;;
building;Visby;22;active;1;;
building;Visby;22;can_run_now;1;;
building;Visby;22;inputs;"{""Kohle"": 5}";;
building;Visby;22;outputs;"{""Treibstoff"": 6}";;
building;Visby;23;id;steel_mill;;
building;Visby;23;name;Stahlwerk;;
building;Visby;23;level;7;;
building;Visby;23;active;1;;
building;Visby;23;can_run_now;1;;
building;Visby;23;inputs;"{""Kohle"": 4, ""Kupfer"": 2}";;
building;Visby;23;outputs;"{""Stahl"": 5}";;
city;Riga;;treasury;3464696271;Mark;
city;Riga;;bankrupt;0;;
city;Riga;;building_count;23;count;
city;Riga;;population;5000000;citizens;
city;Riga;;social_stability;100.00;;
city;Riga;;quality_of_life;100.00;;
city;Riga;;migration;-407;citizens;
city;Riga;;tax_income;729750;Mark;
city;Riga;;political_influence;7627.69;;
city;Riga;;local_scarcity_relief;0.0000;;
city;Riga;;hazard_mitigation;0.0000;;
city;Riga;;storage_multiplier;1.00;;
city_inventory;Riga;Salz;stock;174657;units;
city_inventory;Riga;Salz;scarcity_factor;0.7800;;
city_inventory;Riga;Salz;market_price;59;Mark;
city_inventory;Riga;Holz;stock;10922;units;
city_inventory;Riga;Holz;scarcity_factor;0.7800;;
city_inventory;Riga;Holz;market_price;26;Mark;
city_inventory;Riga;Pelze;stock;764;units;
city_inventory;Riga;Pelze;scarcity_factor;0.7800;;
city_inventory;Riga;Pelze;market_price;81;Mark;
city_inventory;Riga;Getreide;stock;7507;units;
city_inventory;Riga;Getreide;scarcity_factor;0.7800;;
city_inventory;Riga;Getreide;market_price;28;Mark;
city_inventory;Riga;Tuch;stock;192364;units;
city_inventory;Riga;Tuch;scarcity_factor;0.7800;;
city_inventory;Riga;Tuch;market_price;78;Mark;
city_inventory;Riga;Hering;stock;145357;units;
city_inventory;Riga;Hering;scarcity_factor;0.7800;;
city_inventory;Riga;Hering;market_price;27;Mark;
city_inventory;Riga;Wein;stock;12482;units;
city_inventory;Riga;Wein;scarcity_factor;0.7800;;
city_inventory;Riga;Wein;market_price;99;Mark;
city_inventory;Riga;Bier;stock;143425;units;
city_inventory;Riga;Bier;scarcity_factor;0.7800;;
city_inventory;Riga;Bier;market_price;36;Mark;
city_inventory;Riga;Hopfen;stock;7297;units;
city_inventory;Riga;Hopfen;scarcity_factor;0.7800;;
city_inventory;Riga;Hopfen;market_price;52;Mark;
city_inventory;Riga;Teer;stock;250862;units;
city_inventory;Riga;Teer;scarcity_factor;0.7800;;
city_inventory;Riga;Teer;market_price;86;Mark;
city_inventory;Riga;Gewuerze;stock;40927;units;
city_inventory;Riga;Gewuerze;scarcity_factor;0.7800;;
city_inventory;Riga;Gewuerze;market_price;128;Mark;
city_inventory;Riga;Kupfer;stock;250857;units;
city_inventory;Riga;Kupfer;scarcity_factor;0.7800;;
city_inventory;Riga;Kupfer;market_price;114;Mark;
city_inventory;Riga;Luxuswaren;stock;250862;units;
city_inventory;Riga;Luxuswaren;scarcity_factor;0.7800;;
city_inventory;Riga;Luxuswaren;market_price;200;Mark;
city_inventory;Riga;Tabak;stock;1825;units;
city_inventory;Riga;Tabak;scarcity_factor;0.7800;;
city_inventory;Riga;Tabak;market_price;79;Mark;
city_inventory;Riga;Zucker;stock;120234;units;
city_inventory;Riga;Zucker;scarcity_factor;0.7800;;
city_inventory;Riga;Zucker;market_price;127;Mark;
city_inventory;Riga;Kaffee;stock;4092;units;
city_inventory;Riga;Kaffee;scarcity_factor;0.7800;;
city_inventory;Riga;Kaffee;market_price;132;Mark;
city_inventory;Riga;Baumwolle;stock;105696;units;
city_inventory;Riga;Baumwolle;scarcity_factor;0.7800;;
city_inventory;Riga;Baumwolle;market_price;99;Mark;
city_inventory;Riga;Kohle;stock;2797;units;
city_inventory;Riga;Kohle;scarcity_factor;0.7800;;
city_inventory;Riga;Kohle;market_price;89;Mark;
city_inventory;Riga;Stahl;stock;3390;units;
city_inventory;Riga;Stahl;scarcity_factor;0.7800;;
city_inventory;Riga;Stahl;market_price;178;Mark;
building;Riga;1;id;brewery;;
building;Riga;1;name;Brauerei;;
building;Riga;1;level;7;;
building;Riga;1;active;1;;
building;Riga;1;can_run_now;1;;
building;Riga;1;inputs;"{""Getreide"": 4, ""Holz"": 1}";;
building;Riga;1;outputs;"{""Bier"": 6}";;
building;Riga;2;id;fishery;;
building;Riga;2;name;Fischerei;;
building;Riga;2;level;7;;
building;Riga;2;active;1;;
building;Riga;2;can_run_now;1;;
building;Riga;2;inputs;{};;
building;Riga;2;outputs;"{""Hering"": 4}";;
building;Riga;3;id;grain_farm;;
building;Riga;3;name;Getreidehof;;
building;Riga;3;level;7;;
building;Riga;3;active;1;;
building;Riga;3;can_run_now;1;;
building;Riga;3;inputs;{};;
building;Riga;3;outputs;"{""Getreide"": 5}";;
building;Riga;4;id;salt_mine;;
building;Riga;4;name;Salzmine;;
building;Riga;4;level;7;;
building;Riga;4;active;1;;
building;Riga;4;can_run_now;1;;
building;Riga;4;inputs;{};;
building;Riga;4;outputs;"{""Salz"": 5}";;
building;Riga;5;id;tannery;;
building;Riga;5;name;Gerberei;;
building;Riga;5;level;7;;
building;Riga;5;active;1;;
building;Riga;5;can_run_now;1;;
building;Riga;5;inputs;"{""Salz"": 1}";;
building;Riga;5;outputs;"{""Pelze"": 2}";;
building;Riga;6;id;weavery;;
building;Riga;6;name;Weberei;;
building;Riga;6;level;7;;
building;Riga;6;active;1;;
building;Riga;6;can_run_now;1;;
building;Riga;6;inputs;"{""Holz"": 2}";;
building;Riga;6;outputs;"{""Tuch"": 3}";;
building;Riga;7;id;winery;;
building;Riga;7;name;Weinkellerei;;
building;Riga;7;level;7;;
building;Riga;7;active;1;;
building;Riga;7;can_run_now;1;;
building;Riga;7;inputs;"{""Getreide"": 3}";;
building;Riga;7;outputs;"{""Wein"": 3}";;
building;Riga;8;id;woodcutter;;
building;Riga;8;name;Holzfaeller;;
building;Riga;8;level;7;;
building;Riga;8;active;1;;
building;Riga;8;can_run_now;1;;
building;Riga;8;inputs;{};;
building;Riga;8;outputs;"{""Holz"": 6}";;
building;Riga;9;id;grand_brewery;;
building;Riga;9;name;Grossbrauerei;;
building;Riga;9;level;7;;
building;Riga;9;active;1;;
building;Riga;9;can_run_now;1;;
building;Riga;9;inputs;"{""Getreide"": 4, ""Hopfen"": 2, ""Holz"": 1}";;
building;Riga;9;outputs;"{""Bier"": 10}";;
building;Riga;10;id;hop_farm;;
building;Riga;10;name;Hopfenplantage;;
building;Riga;10;level;7;;
building;Riga;10;active;1;;
building;Riga;10;can_run_now;1;;
building;Riga;10;inputs;{};;
building;Riga;10;outputs;"{""Hopfen"": 5}";;
building;Riga;11;id;tar_kiln;;
building;Riga;11;name;Teerbrennerei;;
building;Riga;11;level;7;;
building;Riga;11;active;1;;
building;Riga;11;can_run_now;1;;
building;Riga;11;inputs;"{""Holz"": 3}";;
building;Riga;11;outputs;"{""Teer"": 4}";;
building;Riga;12;id;copper_mine;;
building;Riga;12;name;Kupfermine;;
building;Riga;12;level;7;;
building;Riga;12;active;1;;
building;Riga;12;can_run_now;1;;
building;Riga;12;inputs;{};;
building;Riga;12;outputs;"{""Kupfer"": 4}";;
building;Riga;13;id;spice_refinery;;
building;Riga;13;name;Gewuerzraffinerie;;
building;Riga;13;level;7;;
building;Riga;13;active;1;;
building;Riga;13;can_run_now;1;;
building;Riga;13;inputs;"{""Gewuerze"": 4}";;
building;Riga;13;outputs;"{""Luxuswaren"": 6}";;
building;Riga;14;id;spice_trade;;
building;Riga;14;name;Gewuerzhandel;;
building;Riga;14;level;7;;
building;Riga;14;active;1;;
building;Riga;14;can_run_now;1;;
building;Riga;14;inputs;{};;
building;Riga;14;outputs;"{""Gewuerze"": 4}";;
building;Riga;15;id;sugar_farm;;
building;Riga;15;name;Zuckerplantage;;
building;Riga;15;level;7;;
building;Riga;15;active;1;;
building;Riga;15;can_run_now;1;;
building;Riga;15;inputs;{};;
building;Riga;15;outputs;"{""Zucker"": 5}";;
building;Riga;16;id;sugar_refinery;;
building;Riga;16;name;Zuckerraffinerie;;
building;Riga;16;level;7;;
building;Riga;16;active;1;;
building;Riga;16;can_run_now;1;;
building;Riga;16;inputs;"{""Zucker"": 5}";;
building;Riga;16;outputs;"{""Luxuswaren"": 6}";;
building;Riga;17;id;tobacco_farm;;
building;Riga;17;name;Tabakplantage;;
building;Riga;17;level;7;;
building;Riga;17;active;1;;
building;Riga;17;can_run_now;1;;
building;Riga;17;inputs;{};;
building;Riga;17;outputs;"{""Tabak"": 5}";;
building;Riga;18;id;coffee_farm;;
building;Riga;18;name;Kaffeeplantage;;
building;Riga;18;level;7;;
building;Riga;18;active;1;;
building;Riga;18;can_run_now;1;;
building;Riga;18;inputs;{};;
building;Riga;18;outputs;"{""Kaffee"": 5}";;
building;Riga;19;id;cotton_farm;;
building;Riga;19;name;Baumwollfarm;;
building;Riga;19;level;7;;
building;Riga;19;active;1;;
building;Riga;19;can_run_now;1;;
building;Riga;19;inputs;{};;
building;Riga;19;outputs;"{""Baumwolle"": 5}";;
building;Riga;20;id;textile_factory;;
building;Riga;20;name;Textilmanufaktur;;
building;Riga;20;level;7;;
building;Riga;20;active;1;;
building;Riga;20;can_run_now;1;;
building;Riga;20;inputs;"{""Baumwolle"": 5}";;
building;Riga;20;outputs;"{""Tuch"": 7}";;
building;Riga;21;id;coal_mine;;
building;Riga;21;name;Kohlemine;;
building;Riga;21;level;7;;
building;Riga;21;active;1;;
building;Riga;21;can_run_now;1;;
building;Riga;21;inputs;{};;
building;Riga;21;outputs;"{""Kohle"": 6}";;
building;Riga;22;id;refinery;;
building;Riga;22;name;Raffinerie;;
building;Riga;22;level;7;;
building;Riga;22;active;1;;
building;Riga;22;can_run_now;1;;
building;Riga;22;inputs;"{""Kohle"": 5}";;
building;Riga;22;outputs;"{""Treibstoff"": 6}";;
building;Riga;23;id;steel_mill;;
building;Riga;23;name;Stahlwerk;;
building;Riga;23;level;7;;
building;Riga;23;active;1;;
building;Riga;23;can_run_now;1;;
building;Riga;23;inputs;"{""Kohle"": 4, ""Kupfer"": 2}";;
building;Riga;23;outputs;"{""Stahl"": 5}";;
city;Novgorod;;treasury;3465517799;Mark;
city;Novgorod;;bankrupt;0;;
city;Novgorod;;building_count;23;count;
city;Novgorod;;population;5000000;citizens;
city;Novgorod;;social_stability;100.00;;
city;Novgorod;;quality_of_life;100.00;;
city;Novgorod;;migration;-407;citizens;
city;Novgorod;;tax_income;729750;Mark;
city;Novgorod;;political_influence;7627.69;;
city;Novgorod;;local_scarcity_relief;0.0000;;
city;Novgorod;;hazard_mitigation;0.0000;;
city;Novgorod;;storage_multiplier;1.00;;
city_inventory;Novgorod;Salz;stock;218653;units;
city_inventory;Novgorod;Salz;scarcity_factor;0.7800;;
city_inventory;Novgorod;Salz;market_price;70;Mark;
city_inventory;Novgorod;Holz;stock;74720;units;
city_inventory;Novgorod;Holz;scarcity_factor;0.7800;;
city_inventory;Novgorod;Holz;market_price;28;Mark;
city_inventory;Novgorod;Pelze;stock;934;units;
city_inventory;Novgorod;Pelze;scarcity_factor;0.7800;;
city_inventory;Novgorod;Pelze;market_price;77;Mark;
city_inventory;Novgorod;Getreide;stock;10184;units;
city_inventory;Novgorod;Getreide;scarcity_factor;0.7800;;
city_inventory;Novgorod;Getreide;market_price;32;Mark;
city_inventory;Novgorod;Tuch;stock;250862;units;
city_inventory;Novgorod;Tuch;scarcity_factor;0.7800;;
city_inventory;Novgorod;Tuch;market_price;81;Mark;
city_inventory;Novgorod;Hering;stock;160577;units;
city_inventory;Novgorod;Hering;scarcity_factor;0.7800;;
city_inventory;Novgorod;Hering;market_price;36;Mark;
city_inventory;Novgorod;Wein;stock;221416;units;
city_inventory;Novgorod;Wein;scarcity_factor;0.7800;;
city_inventory;Novgorod;Wein;market_price;114;Mark;
city_inventory;Novgorod;Bier;stock;250862;units;
city_inventory;Novgorod;Bier;scarcity_factor;0.7800;;
city_inventory;Novgorod;Bier;market_price;44;Mark;
city_inventory;Novgorod;Hopfen;stock;365;units;
city_inventory;Novgorod;Hopfen;scarcity_factor;0.8033;;
city_inventory;Novgorod;Hopfen;market_price;54;Mark;
city_inventory;Novgorod;Teer;stock;211553;units;
city_inventory;Novgorod;Teer;scarcity_factor;0.7800;;
city_inventory;Novgorod;Teer;market_price;90;Mark;
city_inventory;Novgorod;Gewuerze;stock;3475;units;
city_inventory;Novgorod;Gewuerze;scarcity_factor;0.7800;;
city_inventory;Novgorod;Gewuerze;market_price;139;Mark;
city_inventory;Novgorod;Kupfer;stock;3629;units;
city_inventory;Novgorod;Kupfer;scarcity_factor;0.7800;;
city_inventory;Novgorod;Kupfer;market_price;124;Mark;
city_inventory;Novgorod;Luxuswaren;stock;44468;units;
city_inventory;Novgorod;Luxuswaren;scarcity_factor;0.7800;;
city_inventory;Novgorod;Luxuswaren;market_price;190;Mark;
city_inventory;Novgorod;Tabak;stock;335;units;
city_inventory;Novgorod;Tabak;scarcity_factor;0.8367;;
city_inventory;Novgorod;Tabak;market_price;108;Mark;
city_inventory;Novgorod;Zucker;stock;71103;units;
city_inventory;Novgorod;Zucker;scarcity_factor;0.7800;;
city_inventory;Novgorod;Zucker;market_price;137;Mark;
city_inventory;Novgorod;Kaffee;stock;250862;units;
city_inventory;Novgorod;Kaffee;scarcity_factor;0.7800;;
city_inventory;Novgorod;Kaffee;market_price;135;Mark;
city_inventory;Novgorod;Baumwolle;stock;181;units;
city_inventory;Novgorod;Baumwolle;scarcity_factor;1.0000;;
city_inventory;Novgorod;Baumwolle;market_price;97;Mark;
city_inventory;Novgorod;Kohle;stock;15667;units;
city_inventory;Novgorod;Kohle;scarcity_factor;0.7800;;
city_inventory;Novgorod;Kohle;market_price;103;Mark;
city_inventory;Novgorod;Stahl;stock;110583;units;
city_inventory;Novgorod;Stahl;scarcity_factor;0.7800;;
city_inventory;Novgorod;Stahl;market_price;201;Mark;
building;Novgorod;1;id;brewery;;
building;Novgorod;1;name;Brauerei;;
building;Novgorod;1;level;7;;
building;Novgorod;1;active;1;;
building;Novgorod;1;can_run_now;1;;
building;Novgorod;1;inputs;"{""Getreide"": 4, ""Holz"": 1}";;
building;Novgorod;1;outputs;"{""Bier"": 6}";;
building;Novgorod;2;id;fishery;;
building;Novgorod;2;name;Fischerei;;
building;Novgorod;2;level;7;;
building;Novgorod;2;active;1;;
building;Novgorod;2;can_run_now;1;;
building;Novgorod;2;inputs;{};;
building;Novgorod;2;outputs;"{""Hering"": 4}";;
building;Novgorod;3;id;grain_farm;;
building;Novgorod;3;name;Getreidehof;;
building;Novgorod;3;level;7;;
building;Novgorod;3;active;1;;
building;Novgorod;3;can_run_now;1;;
building;Novgorod;3;inputs;{};;
building;Novgorod;3;outputs;"{""Getreide"": 5}";;
building;Novgorod;4;id;salt_mine;;
building;Novgorod;4;name;Salzmine;;
building;Novgorod;4;level;7;;
building;Novgorod;4;active;1;;
building;Novgorod;4;can_run_now;1;;
building;Novgorod;4;inputs;{};;
building;Novgorod;4;outputs;"{""Salz"": 5}";;
building;Novgorod;5;id;tannery;;
building;Novgorod;5;name;Gerberei;;
building;Novgorod;5;level;7;;
building;Novgorod;5;active;1;;
building;Novgorod;5;can_run_now;1;;
building;Novgorod;5;inputs;"{""Salz"": 1}";;
building;Novgorod;5;outputs;"{""Pelze"": 2}";;
building;Novgorod;6;id;weavery;;
building;Novgorod;6;name;Weberei;;
building;Novgorod;6;level;7;;
building;Novgorod;6;active;1;;
building;Novgorod;6;can_run_now;1;;
building;Novgorod;6;inputs;"{""Holz"": 2}";;
building;Novgorod;6;outputs;"{""Tuch"": 3}";;
building;Novgorod;7;id;winery;;
building;Novgorod;7;name;Weinkellerei;;
building;Novgorod;7;level;7;;
building;Novgorod;7;active;1;;
building;Novgorod;7;can_run_now;1;;
building;Novgorod;7;inputs;"{""Getreide"": 3}";;
building;Novgorod;7;outputs;"{""Wein"": 3}";;
building;Novgorod;8;id;woodcutter;;
building;Novgorod;8;name;Holzfaeller;;
building;Novgorod;8;level;7;;
building;Novgorod;8;active;1;;
building;Novgorod;8;can_run_now;1;;
building;Novgorod;8;inputs;{};;
building;Novgorod;8;outputs;"{""Holz"": 6}";;
building;Novgorod;9;id;grand_brewery;;
building;Novgorod;9;name;Grossbrauerei;;
building;Novgorod;9;level;7;;
building;Novgorod;9;active;1;;
building;Novgorod;9;can_run_now;1;;
building;Novgorod;9;inputs;"{""Getreide"": 4, ""Hopfen"": 2, ""Holz"": 1}";;
building;Novgorod;9;outputs;"{""Bier"": 10}";;
building;Novgorod;10;id;hop_farm;;
building;Novgorod;10;name;Hopfenplantage;;
building;Novgorod;10;level;7;;
building;Novgorod;10;active;1;;
building;Novgorod;10;can_run_now;1;;
building;Novgorod;10;inputs;{};;
building;Novgorod;10;outputs;"{""Hopfen"": 5}";;
building;Novgorod;11;id;tar_kiln;;
building;Novgorod;11;name;Teerbrennerei;;
building;Novgorod;11;level;7;;
building;Novgorod;11;active;1;;
building;Novgorod;11;can_run_now;1;;
building;Novgorod;11;inputs;"{""Holz"": 3}";;
building;Novgorod;11;outputs;"{""Teer"": 4}";;
building;Novgorod;12;id;copper_mine;;
building;Novgorod;12;name;Kupfermine;;
building;Novgorod;12;level;7;;
building;Novgorod;12;active;1;;
building;Novgorod;12;can_run_now;1;;
building;Novgorod;12;inputs;{};;
building;Novgorod;12;outputs;"{""Kupfer"": 4}";;
building;Novgorod;13;id;spice_refinery;;
building;Novgorod;13;name;Gewuerzraffinerie;;
building;Novgorod;13;level;7;;
building;Novgorod;13;active;1;;
building;Novgorod;13;can_run_now;1;;
building;Novgorod;13;inputs;"{""Gewuerze"": 4}";;
building;Novgorod;13;outputs;"{""Luxuswaren"": 6}";;
building;Novgorod;14;id;spice_trade;;
building;Novgorod;14;name;Gewuerzhandel;;
building;Novgorod;14;level;7;;
building;Novgorod;14;active;1;;
building;Novgorod;14;can_run_now;1;;
building;Novgorod;14;inputs;{};;
building;Novgorod;14;outputs;"{""Gewuerze"": 4}";;
building;Novgorod;15;id;sugar_farm;;
building;Novgorod;15;name;Zuckerplantage;;
building;Novgorod;15;level;7;;
building;Novgorod;15;active;1;;
building;Novgorod;15;can_run_now;1;;
building;Novgorod;15;inputs;{};;
building;Novgorod;15;outputs;"{""Zucker"": 5}";;
building;Novgorod;16;id;sugar_refinery;;
building;Novgorod;16;name;Zuckerraffinerie;;
building;Novgorod;16;level;7;;
building;Novgorod;16;active;1;;
building;Novgorod;16;can_run_now;1;;
building;Novgorod;16;inputs;"{""Zucker"": 5}";;
building;Novgorod;16;outputs;"{""Luxuswaren"": 6}";;
building;Novgorod;17;id;tobacco_farm;;
building;Novgorod;17;name;Tabakplantage;;
building;Novgorod;17;level;7;;
building;Novgorod;17;active;1;;
building;Novgorod;17;can_run_now;1;;
building;Novgorod;17;inputs;{};;
building;Novgorod;17;outputs;"{""Tabak"": 5}";;
building;Novgorod;18;id;coffee_farm;;
building;Novgorod;18;name;Kaffeeplantage;;
building;Novgorod;18;level;7;;
building;Novgorod;18;active;1;;
building;Novgorod;18;can_run_now;1;;
building;Novgorod;18;inputs;{};;
building;Novgorod;18;outputs;"{""Kaffee"": 5}";;
building;Novgorod;19;id;cotton_farm;;
building;Novgorod;19;name;Baumwollfarm;;
building;Novgorod;19;level;7;;
building;Novgorod;19;active;1;;
building;Novgorod;19;can_run_now;1;;
building;Novgorod;19;inputs;{};;
building;Novgorod;19;outputs;"{""Baumwolle"": 5}";;
building;Novgorod;20;id;textile_factory;;
building;Novgorod;20;name;Textilmanufaktur;;
building;Novgorod;20;level;7;;
building;Novgorod;20;active;1;;
building;Novgorod;20;can_run_now;1;;
building;Novgorod;20;inputs;"{""Baumwolle"": 5}";;
building;Novgorod;20;outputs;"{""Tuch"": 7}";;
building;Novgorod;21;id;coal_mine;;
building;Novgorod;21;name;Kohlemine;;
building;Novgorod;21;level;7;;
building;Novgorod;21;active;1;;
building;Novgorod;21;can_run_now;1;;
building;Novgorod;21;inputs;{};;
building;Novgorod;21;outputs;"{""Kohle"": 6}";;
building;Novgorod;22;id;refinery;;
building;Novgorod;22;name;Raffinerie;;
building;Novgorod;22;level;7;;
building;Novgorod;22;active;1;;
building;Novgorod;22;can_run_now;1;;
building;Novgorod;22;inputs;"{""Kohle"": 5}";;
building;Novgorod;22;outputs;"{""Treibstoff"": 6}";;
building;Novgorod;23;id;steel_mill;;
building;Novgorod;23;name;Stahlwerk;;
building;Novgorod;23;level;7;;
building;Novgorod;23;active;1;;
building;Novgorod;23;can_run_now;1;;
building;Novgorod;23;inputs;"{""Kohle"": 4, ""Kupfer"": 2}";;
building;Novgorod;23;outputs;"{""Stahl"": 5}";;
npc;Hakon;;city;Riga;;
npc;Hakon;;money;27542192;Mark;
npc;Hakon;;ship;Holk;;
npc;Hakon;;cargo_total;0;units;
npc;Marta;;city;Riga;;
npc;Marta;;money;27348435;Mark;
npc;Marta;;ship;Holk;;
npc;Marta;;cargo_total;0;units;
npc;Ilya;;city;Novgorod;;
npc;Ilya;;money;27054076;Mark;
npc;Ilya;;ship;Holk;;
npc;Ilya;;cargo_total;0;units;
player;Johann;;city;Riga;;
player;Johann;;money;57116074;Mark;
player;Johann;;debt;0;Mark;
player;Johann;;reputation;200;;
player;Johann;;age;43;years;
player;Johann;;net_worth;59034589;Mark;
investment_impact;Johann;;social_spend;99080465.00;Mark;
investment_impact;Johann;;social_level;13;level;
investment_impact;Johann;;research_spend;125128488.00;Mark;
investment_impact;Johann;;research_level;7;level;
investment_impact;Johann;;efficiency_reduction;0.6800;;
investment_impact;Johann;;infrastructure_spend;87589941.00;Mark;
investment_impact;Johann;;infrastructure_level;7;level;
investment_impact;Johann;;travel_time_multiplier;1.0000;;
investment_impact;Johann;;sophia_spend;95102835.00;Mark;
investment_impact;Johann;;sophia_level;6;level;
investment_impact;Johann;;global_loss_value;0.5479;;
player_influence;Johann;Bergen;score;2409.23;;
player_influence;Johann;Warberg;score;2340.52;;
player_influence;Johann;Luebeck;score;6342.76;;
player_influence;Johann;Visby;score;2461.81;;
player_influence;Johann;Riga;score;2398.78;;
player_influence;Johann;Malmoe;score;2559.20;;
player_influence;Johann;Novgorod;score;2274.16;;
player_influence;Johann;Toensberg;score;2334.10;;
player_influence;Johann;Ystad;score;2655.40;;
player_mission;Johann;hanse_privileg;state;completed;;
player_mission;Johann;fleet_synergy;state;completed;;
player_mission;Johann;atheria_resonance;state;completed;;
player_mission;Johann;family_dynasty;state;completed;;
player_mission;Johann;brewmaster;state;completed;;
player_mission;Johann;timber_trade;state;completed;;
player_mission;Johann;route_master;state;completed;;
player_mission;Johann;arms_race;state;completed;;
player_mission;Johann;building_quests;state;inactive;;
player_share;Johann;Bergen:woodcutter;share_pct;100.00;%;Holzfaeller
player_share;Johann;Bergen:grain_farm;share_pct;100.00;%;Getreidehof
player_share;Johann;Bergen:fishery;share_pct;100.00;%;Fischerei
player_share;Johann;Bergen:salt_mine;share_pct;100.00;%;Salzmine
player_share;Johann;Bergen:tannery;share_pct;100.00;%;Gerberei
player_share;Johann;Bergen:winery;share_pct;100.00;%;Weinkellerei
player_share;Johann;Bergen:weavery;share_pct;100.00;%;Weberei
player_share;Johann;Bergen:brewery;share_pct;100.00;%;Brauerei
player_share;Johann;Bergen:hop_farm;share_pct;100.00;%;Hopfenplantage
player_share;Johann;Bergen:tar_kiln;share_pct;100.00;%;Teerbrennerei
player_share;Johann;Bergen:grand_brewery;share_pct;100.00;%;Grossbrauerei
player_share;Johann;Bergen:copper_mine;share_pct;100.00;%;Kupfermine
player_share;Johann;Bergen:spice_refinery;share_pct;100.00;%;Gewuerzraffinerie
player_share;Johann;Bergen:spice_trade;share_pct;100.00;%;Gewuerzhandel
player_share;Johann;Bergen:tobacco_farm;share_pct;100.00;%;Tabakplantage
player_share;Johann;Bergen:sugar_farm;share_pct;100.00;%;Zuckerplantage
player_share;Johann;Bergen:sugar_refinery;share_pct;100.00;%;Zuckerraffinerie
player_share;Johann;Bergen:textile_factory;share_pct;100.00;%;Textilmanufaktur
player_share;Johann;Bergen:cotton_farm;share_pct;100.00;%;Baumwollfarm
player_share;Johann;Bergen:coffee_farm;share_pct;100.00;%;Kaffeeplantage
player_share;Johann;Bergen:coal_mine;share_pct;100.00;%;Kohlemine
player_share;Johann;Bergen:steel_mill;share_pct;100.00;%;Stahlwerk
player_share;Johann;Bergen:refinery;share_pct;100.00;%;Raffinerie
player_share;Johann;Warberg:grain_farm;share_pct;100.00;%;Getreidehof
player_share;Johann;Warberg:woodcutter;share_pct;100.00;%;Holzfaeller
player_share;Johann;Warberg:fishery;share_pct;100.00;%;Fischerei
player_share;Johann;Warberg:salt_mine;share_pct;100.00;%;Salzmine
player_share;Johann;Warberg:weavery;share_pct;100.00;%;Weberei
player_share;Johann;Warberg:tannery;share_pct;100.00;%;Gerberei
player_share;Johann;Warberg:winery;share_pct;100.00;%;Weinkellerei
player_share;Johann;Warberg:brewery;share_pct;100.00;%;Brauerei
player_share;Johann;Warberg:tar_kiln;share_pct;100.00;%;Teerbrennerei
player_share;Johann;Warberg:hop_farm;share_pct;100.00;%;Hopfenplantage
player_share;Johann;Warberg:grand_brewery;share_pct;100.00;%;Grossbrauerei
player_share;Johann;Warberg:copper_mine;share_pct;100.00;%;Kupfermine
player_share;Johann;Warberg:spice_refinery;share_pct;100.00;%;Gewuerzraffinerie
player_share;Johann;Warberg:spice_trade;share_pct;100.00;%;Gewuerzhandel
player_share;Johann;Warberg:tobacco_farm;share_pct;100.00;%;Tabakplantage
player_share;Johann;Warberg:sugar_farm;share_pct;100.00;%;Zuckerplantage
player_share;Johann;Warberg:sugar_refinery;share_pct;100.00;%;Zuckerraffinerie
player_share;Johann;Warberg:textile_factory;share_pct;100.00;%;Textilmanufaktur
player_share;Johann;Warberg:cotton_farm;share_pct;100.00;%;Baumwollfarm
player_share;Johann;Warberg:coffee_farm;share_pct;100.00;%;Kaffeeplantage
player_share;Johann;Warberg:coal_mine;share_pct;100.00;%;Kohlemine
player_share;Johann;Warberg:steel_mill;share_pct;100.00;%;Stahlwerk
player_share;Johann;Warberg:refinery;share_pct;100.00;%;Raffinerie
player_share;Johann;Luebeck:brewery;share_pct;100.00;%;Brauerei
player_share;Johann;Luebeck:weavery;share_pct;100.00;%;Weberei
player_share;Johann;Luebeck:grain_farm;share_pct;100.00;%;Getreidehof
player_share;Johann;Luebeck:woodcutter;share_pct;100.00;%;Holzfaeller
player_share;Johann;Luebeck:salt_mine;share_pct;100.00;%;Salzmine
player_share;Johann;Luebeck:winery;share_pct;100.00;%;Weinkellerei
player_share;Johann;Luebeck:fishery;share_pct;100.00;%;Fischerei
player_share;Johann;Luebeck:tannery;share_pct;100.00;%;Gerberei
player_share;Johann;Luebeck:grand_brewery;share_pct;100.00;%;Grossbrauerei
player_share;Johann;Luebeck:hop_farm;share_pct;100.00;%;Hopfenplantage
player_share;Johann;Luebeck:tar_kiln;share_pct;100.00;%;Teerbrennerei
player_share;Johann;Luebeck:copper_mine;share_pct;100.00;%;Kupfermine
player_share;Johann;Luebeck:spice_refinery;share_pct;100.00;%;Gewuerzraffinerie
player_share;Johann;Luebeck:spice_trade;share_pct;100.00;%;Gewuerzhandel
player_share;Johann;Luebeck:tobacco_farm;share_pct;100.00;%;Tabakplantage
player_share;Johann;Luebeck:sugar_farm;share_pct;100.00;%;Zuckerplantage
player_share;Johann;Luebeck:sugar_refinery;share_pct;100.00;%;Zuckerraffinerie
player_share;Johann;Luebeck:textile_factory;share_pct;100.00;%;Textilmanufaktur
player_share;Johann;Luebeck:cotton_farm;share_pct;100.00;%;Baumwollfarm
player_share;Johann;Luebeck:coffee_farm;share_pct;100.00;%;Kaffeeplantage
player_share;Johann;Luebeck:coal_mine;share_pct;100.00;%;Kohlemine
player_share;Johann;Luebeck:steel_mill;share_pct;100.00;%;Stahlwerk
player_share;Johann;Luebeck:refinery;share_pct;100.00;%;Raffinerie
player_share;Johann;Visby:woodcutter;share_pct;100.00;%;Holzfaeller
player_share;Johann;Visby:grain_farm;share_pct;100.00;%;Getreidehof
player_share;Johann;Visby:tannery;share_pct;100.00;%;Gerberei
player_share;Johann;Visby:fishery;share_pct;100.00;%;Fischerei
player_share;Johann;Visby:weavery;share_pct;100.00;%;Weberei
player_share;Johann;Visby:brewery;share_pct;100.00;%;Brauerei
player_share;Johann;Visby:salt_mine;share_pct;100.00;%;Salzmine
player_share;Johann;Visby:hop_farm;share_pct;100.00;%;Hopfenplantage
player_share;Johann;Visby:tar_kiln;share_pct;100.00;%;Teerbrennerei
player_share;Johann;Visby:winery;share_pct;100.00;%;Weinkellerei
player_share;Johann;Visby:grand_brewery;share_pct;100.00;%;Grossbrauerei
player_share;Johann;Visby:copper_mine;share_pct;100.00;%;Kupfermine
player_share;Johann;Visby:spice_refinery;share_pct;100.00;%;Gewuerzraffinerie
player_share;Johann;Visby:spice_trade;share_pct;100.00;%;Gewuerzhandel
player_share;Johann;Visby:tobacco_farm;share_pct;100.00;%;Tabakplantage
player_share;Johann;Visby:sugar_farm;share_pct;100.00;%;Zuckerplantage
player_share;Johann;Visby:sugar_refinery;share_pct;100.00;%;Zuckerraffinerie
player_share;Johann;Visby:textile_factory;share_pct;100.00;%;Textilmanufaktur
player_share;Johann;Visby:cotton_farm;share_pct;100.00;%;Baumwollfarm
player_share;Johann;Visby:coffee_farm;share_pct;100.00;%;Kaffeeplantage
player_share;Johann;Visby:coal_mine;share_pct;100.00;%;Kohlemine
player_share;Johann;Visby:steel_mill;share_pct;100.00;%;Stahlwerk
player_share;Johann;Visby:refinery;share_pct;100.00;%;Raffinerie
player_share;Johann;Riga:salt_mine;share_pct;100.00;%;Salzmine
player_share;Johann;Riga:grain_farm;share_pct;100.00;%;Getreidehof
player_share;Johann;Riga:grand_brewery;share_pct;100.00;%;Grossbrauerei
player_share;Johann;Riga:woodcutter;share_pct;100.00;%;Holzfaeller
player_share;Johann;Riga:hop_farm;share_pct;100.00;%;Hopfenplantage
player_share;Johann;Riga:fishery;share_pct;100.00;%;Fischerei
player_share;Johann;Riga:tar_kiln;share_pct;100.00;%;Teerbrennerei
player_share;Johann;Riga:weavery;share_pct;100.00;%;Weberei
player_share;Johann;Riga:brewery;share_pct;100.00;%;Brauerei
player_share;Johann;Riga:winery;share_pct;100.00;%;Weinkellerei
player_share;Johann;Riga:tannery;share_pct;100.00;%;Gerberei
player_share;Johann;Riga:copper_mine;share_pct;100.00;%;Kupfermine
player_share;Johann;Riga:spice_refinery;share_pct;100.00;%;Gewuerzraffinerie
player_share;Johann;Riga:spice_trade;share_pct;100.00;%;Gewuerzhandel
player_share;Johann;Riga:tobacco_farm;share_pct;100.00;%;Tabakplantage
player_share;Johann;Riga:sugar_farm;share_pct;100.00;%;Zuckerplantage
player_share;Johann;Riga:sugar_refinery;share_pct;100.00;%;Zuckerraffinerie
player_share;Johann;Riga:textile_factory;share_pct;100.00;%;Textilmanufaktur
player_share;Johann;Riga:cotton_farm;share_pct;100.00;%;Baumwollfarm
player_share;Johann;Riga:coffee_farm;share_pct;100.00;%;Kaffeeplantage
player_share;Johann;Riga:coal_mine;share_pct;100.00;%;Kohlemine
player_share;Johann;Riga:steel_mill;share_pct;100.00;%;Stahlwerk
player_share;Johann;Riga:refinery;share_pct;100.00;%;Raffinerie
player_share;Johann;Malmoe:weavery;share_pct;100.00;%;Weberei
player_share;Johann;Malmoe:woodcutter;share_pct;100.00;%;Holzfaeller
player_share;Johann;Malmoe:grain_farm;share_pct;100.00;%;Getreidehof
player_share;Johann;Malmoe:tannery;share_pct;100.00;%;Gerberei
player_share;Johann;Malmoe:fishery;share_pct;100.00;%;Fischerei
player_share;Johann;Malmoe:brewery;share_pct;100.00;%;Brauerei
player_share;Johann;Malmoe:salt_mine;share_pct;100.00;%;Salzmine
player_share;Johann;Malmoe:tar_kiln;share_pct;100.00;%;Teerbrennerei
player_share;Johann;Malmoe:grand_brewery;share_pct;100.00;%;Grossbrauerei
player_share;Johann;Malmoe:hop_farm;share_pct;100.00;%;Hopfenplantage
player_share;Johann;Malmoe:winery;share_pct;100.00;%;Weinkellerei
player_share;Johann;Malmoe:copper_mine;share_pct;100.00;%;Kupfermine
player_share;Johann;Malmoe:spice_refinery;share_pct;100.00;%;Gewuerzraffinerie
player_share;Johann;Malmoe:spice_trade;share_pct;100.00;%;Gewuerzhandel
player_share;Johann;Malmoe:tobacco_farm;share_pct;100.00;%;Tabakplantage
player_share;Johann;Malmoe:sugar_farm;share_pct;100.00;%;Zuckerplantage
player_share;Johann;Malmoe:sugar_refinery;share_pct;100.00;%;Zuckerraffinerie
player_share;Johann;Malmoe:textile_factory;share_pct;100.00;%;Textilmanufaktur
player_share;Johann;Malmoe:cotton_farm;share_pct;100.00;%;Baumwollfarm
player_share;Johann;Malmoe:coffee_farm;share_pct;100.00;%;Kaffeeplantage
player_share;Johann;Malmoe:coal_mine;share_pct;100.00;%;Kohlemine
player_share;Johann;Malmoe:steel_mill;share_pct;100.00;%;Stahlwerk
player_share;Johann;Malmoe:refinery;share_pct;100.00;%;Raffinerie
player_share;Johann;Novgorod:salt_mine;share_pct;100.00;%;Salzmine
player_share;Johann;Novgorod:woodcutter;share_pct;100.00;%;Holzfaeller
player_share;Johann;Novgorod:grain_farm;share_pct;100.00;%;Getreidehof
player_share;Johann;Novgorod:tannery;share_pct;100.00;%;Gerberei
player_share;Johann;Novgorod:fishery;share_pct;100.00;%;Fischerei
player_share;Johann;Novgorod:weavery;share_pct;100.00;%;Weberei
player_share;Johann;Novgorod:brewery;share_pct;100.00;%;Brauerei
player_share;Johann;Novgorod:tar_kiln;share_pct;100.00;%;Teerbrennerei
player_share;Johann;Novgorod:grand_brewery;share_pct;100.00;%;Grossbrauerei
player_share;Johann;Novgorod:hop_farm;share_pct;100.00;%;Hopfenplantage
player_share;Johann;Novgorod:winery;share_pct;100.00;%;Weinkellerei
player_share;Johann;Novgorod:copper_mine;share_pct;100.00;%;Kupfermine
player_share;Johann;Novgorod:spice_refinery;share_pct;100.00;%;Gewuerzraffinerie
player_share;Johann;Novgorod:spice_trade;share_pct;100.00;%;Gewuerzhandel
player_share;Johann;Novgorod:tobacco_farm;share_pct;100.00;%;Tabakplantage
player_share;Johann;Novgorod:sugar_farm;share_pct;100.00;%;Zuckerplantage
player_share;Johann;Novgorod:sugar_refinery;share_pct;100.00;%;Zuckerraffinerie
player_share;Johann;Novgorod:textile_factory;share_pct;100.00;%;Textilmanufaktur
player_share;Johann;Novgorod:cotton_farm;share_pct;100.00;%;Baumwollfarm
player_share;Johann;Novgorod:coffee_farm;share_pct;100.00;%;Kaffeeplantage
player_share;Johann;Novgorod:coal_mine;share_pct;100.00;%;Kohlemine
player_share;Johann;Novgorod:steel_mill;share_pct;100.00;%;Stahlwerk
player_share;Johann;Novgorod:refinery;share_pct;100.00;%;Raffinerie
player_share;Johann;Toensberg:fishery;share_pct;100.00;%;Fischerei
player_share;Johann;Toensberg:tar_kiln;share_pct;100.00;%;Teerbrennerei
player_share;Johann;Toensberg:grain_farm;share_pct;100.00;%;Getreidehof
player_share;Johann;Toensberg:tannery;share_pct;100.00;%;Gerberei
player_share;Johann;Toensberg:weavery;share_pct;100.00;%;Weberei
player_share;Johann;Toensberg:brewery;share_pct;100.00;%;Brauerei
player_share;Johann;Toensberg:woodcutter;share_pct;100.00;%;Holzfaeller
player_share;Johann;Toensberg:salt_mine;share_pct;100.00;%;Salzmine
player_share;Johann;Toensberg:grand_brewery;share_pct;100.00;%;Grossbrauerei
player_share;Johann;Toensberg:hop_farm;share_pct;100.00;%;Hopfenplantage
player_share;Johann;Toensberg:winery;share_pct;100.00;%;Weinkellerei
player_share;Johann;Toensberg:copper_mine;share_pct;100.00;%;Kupfermine
player_share;Johann;Toensberg:spice_refinery;share_pct;100.00;%;Gewuerzraffinerie
player_share;Johann;Toensberg:spice_trade;share_pct;100.00;%;Gewuerzhandel
player_share;Johann;Toensberg:tobacco_farm;share_pct;100.00;%;Tabakplantage
player_share;Johann;Toensberg:sugar_farm;share_pct;100.00;%;Zuckerplantage
player_share;Johann;Toensberg:sugar_refinery;share_pct;100.00;%;Zuckerraffinerie
player_share;Johann;Toensberg:textile_factory;share_pct;100.00;%;Textilmanufaktur
player_share;Johann;Toensberg:cotton_farm;share_pct;100.00;%;Baumwollfarm
player_share;Johann;Toensberg:coffee_farm;share_pct;100.00;%;Kaffeeplantage
player_share;Johann;Toensberg:coal_mine;share_pct;100.00;%;Kohlemine
player_share;Johann;Toensberg:steel_mill;share_pct;100.00;%;Stahlwerk
player_share;Johann;Toensberg:refinery;share_pct;100.00;%;Raffinerie
player_share;Johann;Ystad:grain_farm;share_pct;100.00;%;Getreidehof
player_share;Johann;Ystad:fishery;share_pct;100.00;%;Fischerei
player_share;Johann;Ystad:woodcutter;share_pct;100.00;%;Holzfaeller
player_share;Johann;Ystad:brewery;share_pct;100.00;%;Brauerei
player_share;Johann;Ystad:salt_mine;share_pct;100.00;%;Salzmine
player_share;Johann;Ystad:grand_brewery;share_pct;100.00;%;Grossbrauerei
player_share;Johann;Ystad:hop_farm;share_pct;100.00;%;Hopfenplantage
player_share;Johann;Ystad:tar_kiln;share_pct;100.00;%;Teerbrennerei
player_share;Johann;Ystad:weavery;share_pct;100.00;%;Weberei
player_share;Johann;Ystad:winery;share_pct;100.00;%;Weinkellerei
player_share;Johann;Ystad:tannery;share_pct;100.00;%;Gerberei
player_share;Johann;Ystad:spice_trade;share_pct;100.00;%;Gewuerzhandel
player_share;Johann;Ystad:copper_mine;share_pct;100.00;%;Kupfermine
player_share;Johann;Ystad:spice_refinery;share_pct;100.00;%;Gewuerzraffinerie
player_share;Johann;Ystad:sugar_refinery;share_pct;100.00;%;Zuckerraffinerie
player_share;Johann;Ystad:tobacco_farm;share_pct;100.00;%;Tabakplantage
player_share;Johann;Ystad:sugar_farm;share_pct;100.00;%;Zuckerplantage
player_share;Johann;Ystad:textile_factory;share_pct;100.00;%;Textilmanufaktur
player_share;Johann;Ystad:cotton_farm;share_pct;100.00;%;Baumwollfarm
player_share;Johann;Ystad:coffee_farm;share_pct;100.00;%;Kaffeeplantage
player_share;Johann;Ystad:refinery;share_pct;100.00;%;Raffinerie
player_share;Johann;Ystad:steel_mill;share_pct;100.00;%;Stahlwerk
player_share;Johann;Ystad:coal_mine;share_pct;100.00;%;Kohlemine
player_building_quest;Johann;brewery;recipe_name;Brauerei;;
player_building_quest;Johann;brewery;tier;8;of_8;
player_building_quest;Johann;brewery;progress;0;units;
player_building_quest;Johann;brewery;state;completed;;
player_building_quest;Johann;salt_mine;recipe_name;Salzmine;;
player_building_quest;Johann;salt_mine;tier;8;of_8;
player_building_quest;Johann;salt_mine;progress;0;units;
player_building_quest;Johann;salt_mine;state;completed;;
player_building_quest;Johann;woodcutter;recipe_name;Holzfaeller;;
player_building_quest;Johann;woodcutter;tier;8;of_8;
player_building_quest;Johann;woodcutter;progress;0;units;
player_building_quest;Johann;woodcutter;state;completed;;
player_building_quest;Johann;fishery;recipe_name;Fischerei;;
player_building_quest;Johann;fishery;tier;8;of_8;
player_building_quest;Johann;fishery;progress;0;units;
player_building_quest;Johann;fishery;state;completed;;
player_building_quest;Johann;grain_farm;recipe_name;Getreidehof;;
player_building_quest;Johann;grain_farm;tier;8;of_8;
player_building_quest;Johann;grain_farm;progress;0;units;
player_building_quest;Johann;grain_farm;state;completed;;
player_building_quest;Johann;winery;recipe_name;Weinkellerei;;
player_building_quest;Johann;winery;tier;8;of_8;
player_building_quest;Johann;winery;progress;0;units;
player_building_quest;Johann;winery;state;completed;;
player_building_quest;Johann;weavery;recipe_name;Weberei;;
player_building_quest;Johann;weavery;tier;8;of_8;
player_building_quest;Johann;weavery;progress;0;units;
player_building_quest;Johann;weavery;state;completed;;
player_building_quest;Johann;tannery;recipe_name;Gerberei;;
player_building_quest;Johann;tannery;tier;8;of_8;
player_building_quest;Johann;tannery;progress;0;units;
player_building_quest;Johann;tannery;state;completed;;
player_building_quest;Johann;hop_farm;recipe_name;Hopfenplantage;;
player_building_quest;Johann;hop_farm;tier;8;of_8;
player_building_quest;Johann;hop_farm;progress;0;units;
player_building_quest;Johann;hop_farm;state;completed;;
player_building_quest;Johann;tar_kiln;recipe_name;Teerbrennerei;;
player_building_quest;Johann;tar_kiln;tier;8;of_8;
player_building_quest;Johann;tar_kiln;progress;0;units;
player_building_quest;Johann;tar_kiln;state;completed;;
player_building_quest;Johann;grand_brewery;recipe_name;Grossbrauerei;;
player_building_quest;Johann;grand_brewery;tier;8;of_8;
player_building_quest;Johann;grand_brewery;progress;0;units;
player_building_quest;Johann;grand_brewery;state;completed;;
player_building_quest;Johann;spice_trade;recipe_name;Gewuerzhandel;;
player_building_quest;Johann;spice_trade;tier;8;of_8;
player_building_quest;Johann;spice_trade;progress;0;units;
player_building_quest;Johann;spice_trade;state;completed;;
player_building_quest;Johann;copper_mine;recipe_name;Kupfermine;;
player_building_quest;Johann;copper_mine;tier;8;of_8;
player_building_quest;Johann;copper_mine;progress;0;units;
player_building_quest;Johann;copper_mine;state;completed;;
player_building_quest;Johann;spice_refinery;recipe_name;Gewuerzraffinerie;;
player_building_quest;Johann;spice_refinery;tier;8;of_8;
player_building_quest;Johann;spice_refinery;progress;0;units;
player_building_quest;Johann;spice_refinery;state;completed;;
player_building_quest;Johann;tobacco_farm;recipe_name;Tabakplantage;;
player_building_quest;Johann;tobacco_farm;tier;8;of_8;
player_building_quest;Johann;tobacco_farm;progress;0;units;
player_building_quest;Johann;tobacco_farm;state;completed;;
player_building_quest;Johann;sugar_farm;recipe_name;Zuckerplantage;;
player_building_quest;Johann;sugar_farm;tier;8;of_8;
player_building_quest;Johann;sugar_farm;progress;0;units;
player_building_quest;Johann;sugar_farm;state;completed;;
player_building_quest;Johann;sugar_refinery;recipe_name;Zuckerraffinerie;;
player_building_quest;Johann;sugar_refinery;tier;8;of_8;
player_building_quest;Johann;sugar_refinery;progress;0;units;
player_building_quest;Johann;sugar_refinery;state;completed;;
player_building_quest;Johann;coffee_farm;recipe_name;Kaffeeplantage;;
player_building_quest;Johann;coffee_farm;tier;8;of_8;
player_building_quest;Johann;coffee_farm;progress;0;units;
player_building_quest;Johann;coffee_farm;state;completed;;
player_building_quest;Johann;cotton_farm;recipe_name;Baumwollfarm;;
player_building_quest;Johann;cotton_farm;tier;8;of_8;
player_building_quest;Johann;cotton_farm;progress;0;units;
player_building_quest;Johann;cotton_farm;state;completed;;
player_building_quest;Johann;textile_factory;recipe_name;Textilmanufaktur;;
player_building_quest;Johann;textile_factory;tier;8;of_8;
player_building_quest;Johann;textile_factory;progress;0;units;
player_building_quest;Johann;textile_factory;state;completed;;
player_building_quest;Johann;coal_mine;recipe_name;Kohlemine;;
player_building_quest;Johann;coal_mine;tier;8;of_8;
player_building_quest;Johann;coal_mine;progress;0;units;
player_building_quest;Johann;coal_mine;state;completed;;
player_building_quest;Johann;steel_mill;recipe_name;Stahlwerk;;
player_building_quest;Johann;steel_mill;tier;8;of_8;
player_building_quest;Johann;steel_mill;progress;0;units;
player_building_quest;Johann;steel_mill;state;completed;;
player_building_quest;Johann;refinery;recipe_name;Raffinerie;;
player_building_quest;Johann;refinery;tier;0;of_8;
player_building_quest;Johann;refinery;progress;0;units;
player_building_quest;Johann;refinery;state;active;;
player_building_quest;Johann;electronics_factory;recipe_name;Elektronikfabrik;;
player_building_quest;Johann;electronics_factory;tier;0;of_8;
player_building_quest;Johann;electronics_factory;progress;0;units;
player_building_quest;Johann;electronics_factory;state;locked;;
player_building_quest;Johann;rare_earth_mine;recipe_name;Seltene Erden Mine;;
player_building_quest;Johann;rare_earth_mine;tier;0;of_8;
player_building_quest;Johann;rare_earth_mine;progress;0;units;
player_building_quest;Johann;rare_earth_mine;state;locked;;
player_building_quest;Johann;chip_factory;recipe_name;Chipfabrik;;
player_building_quest;Johann;chip_factory;tier;0;of_8;
player_building_quest;Johann;chip_factory;progress;0;units;
player_building_quest;Johann;chip_factory;state;locked;;
player_ship;Johann;1;name;Karavelle;;
player_ship;Johann;1;city;Novgorod;;
player_ship;Johann;1;cargo_capacity;340;units;
player_ship;Johann;1;cargo_total;340;units;
player_ship;Johann;1;hull;93;%;
player_ship;Johann;1;rigging;95;%;
player_ship;Johann;1;cannons;21;count;
player_ship;Johann;2;name;Dampfklipper;;
player_ship;Johann;2;city;Warberg;;
player_ship;Johann;2;cargo_capacity;620;units;
player_ship;Johann;2;cargo_total;620;units;
player_ship;Johann;2;hull;95;%;
player_ship;Johann;2;rigging;95;%;
player_ship;Johann;2;cannons;23;count;
player_ship;Johann;3;name;Dampfklipper;;
player_ship;Johann;3;city;Novgorod;;
player_ship;Johann;3;cargo_capacity;620;units;
player_ship;Johann;3;cargo_total;620;units;
player_ship;Johann;3;hull;99;%;
player_ship;Johann;3;rigging;98;%;
player_ship;Johann;3;cannons;23;count;
player_ship;Johann;4;name;Dampfklipper;;
player_ship;Johann;4;city;Riga;;
player_ship;Johann;4;cargo_capacity;620;units;
player_ship;Johann;4;cargo_total;620;units;
player_ship;Johann;4;hull;96;%;
player_ship;Johann;4;rigging;99;%;
player_ship;Johann;4;cannons;23;count;
player_ship;Johann;5;name;Dampfklipper;;
player_ship;Johann;5;city;Bergen;;
player_ship;Johann;5;cargo_capacity;620;units;
player_ship;Johann;5;cargo_total;620;units;
player_ship;Johann;5;hull;91;%;
player_ship;Johann;5;rigging;98;%;
player_ship;Johann;5;cannons;23;count;
player_ship;Johann;6;name;Dampfklipper;;
player_ship;Johann;6;city;Toensberg;;
player_ship;Johann;6;cargo_capacity;620;units;
player_ship;Johann;6;cargo_total;620;units;
player_ship;Johann;6;hull;90;%;
player_ship;Johann;6;rigging;93;%;
player_ship;Johann;6;cannons;23;count;
player_ship;Johann;7;name;Dampfklipper;;
player_ship;Johann;7;city;Novgorod;;
player_ship;Johann;7;cargo_capacity;620;units;
player_ship;Johann;7;cargo_total;615;units;
player_ship;Johann;7;hull;97;%;
player_ship;Johann;7;rigging;99;%;
player_ship;Johann;7;cannons;23;count;
player_ship;Johann;8;name;Dampfklipper;;
player_ship;Johann;8;city;Riga;;
player_ship;Johann;8;cargo_capacity;620;units;
player_ship;Johann;8;cargo_total;620;units;
player_ship;Johann;8;hull;90;%;
player_ship;Johann;8;rigging;90;%;
player_ship;Johann;8;cannons;23;count;
player_ship;Johann;9;name;Dampfklipper;;
player_ship;Johann;9;city;Riga;;
player_ship;Johann;9;cargo_capacity;620;units;
player_ship;Johann;9;cargo_total;620;units;
player_ship;Johann;9;hull;96;%;
player_ship;Johann;9;rigging;91;%;
player_ship;Johann;9;cannons;23;count;
player_ship;Johann;10;name;Dampfklipper;;
player_ship;Johann;10;city;Riga;;
player_ship;Johann;10;cargo_capacity;620;units;
player_ship;Johann;10;cargo_total;620;units;
player_ship;Johann;10;hull;94;%;
player_ship;Johann;10;rigging;93;%;
player_ship;Johann;10;cannons;23;count;
player_ship;Johann;11;name;Dampfklipper;;
player_ship;Johann;11;city;Riga;;
player_ship;Johann;11;cargo_capacity;620;units;
player_ship;Johann;11;cargo_total;620;units;
player_ship;Johann;11;hull;99;%;
player_ship;Johann;11;rigging;94;%;
player_ship;Johann;11;cannons;23;count;
player_ship;Johann;12;name;Dampfklipper;;
player_ship;Johann;12;city;Warberg;;
player_ship;Johann;12;cargo_capacity;620;units;
player_ship;Johann;12;cargo_total;620;units;
player_ship;Johann;12;hull;94;%;
player_ship;Johann;12;rigging;97;%;
player_ship;Johann;12;cannons;23;count;
player_ship;Johann;13;name;Dampfklipper;;
player_ship;Johann;13;city;Riga;;
player_ship;Johann;13;cargo_capacity;620;units;
player_ship;Johann;13;cargo_total;230;units;
player_ship;Johann;13;hull;95;%;
player_ship;Johann;13;rigging;92;%;
player_ship;Johann;13;cannons;23;count;
player_ship;Johann;14;name;Dampfklipper;;
player_ship;Johann;14;city;Warberg;;
player_ship;Johann;14;cargo_capacity;620;units;
player_ship;Johann;14;cargo_total;620;units;
player_ship;Johann;14;hull;90;%;
player_ship;Johann;14;rigging;94;%;
player_ship;Johann;14;cannons;23;count;
player_ship;Johann;15;name;Dampfklipper;;
player_ship;Johann;15;city;Riga;;
player_ship;Johann;15;cargo_capacity;620;units;
player_ship;Johann;15;cargo_total;620;units;
player_ship;Johann;15;hull;94;%;
player_ship;Johann;15;rigging;92;%;
player_ship;Johann;15;cannons;23;count;
player_ship;Johann;16;name;Dampfklipper;;
player_ship;Johann;16;city;Toensberg;;
player_ship;Johann;16;cargo_capacity;620;units;
player_ship;Johann;16;cargo_total;620;units;
player_ship;Johann;16;hull;96;%;
player_ship;Johann;16;rigging;92;%;
player_ship;Johann;16;cannons;23;count;
player_ship;Johann;17;name;Dampfklipper;;
player_ship;Johann;17;city;Toensberg;;
player_ship;Johann;17;cargo_capacity;620;units;
player_ship;Johann;17;cargo_total;620;units;
player_ship;Johann;17;hull;95;%;
player_ship;Johann;17;rigging;96;%;
player_ship;Johann;17;cannons;23;count;
player_ship;Johann;18;name;Dampfklipper;;
player_ship;Johann;18;city;Toensberg;;
player_ship;Johann;18;cargo_capacity;620;units;
player_ship;Johann;18;cargo_total;620;units;
player_ship;Johann;18;hull;99;%;
player_ship;Johann;18;rigging;90;%;
player_ship;Johann;18;cannons;23;count;
